Year,Region,Stage,Technology,Cost
2020,LTRI,mine,brine,100
2021,LTRI,mine,brine,14.14571429
2022,LTRI,mine,brine,13.47210884
2023,LTRI,mine,brine,12.83057985
2024,LTRI,mine,brine,12.21959986
2025,LTRI,mine,brine,11.63771415
2026,LTRI,mine,brine,11.08353729
2027,LTRI,mine,brine,10.5557498
2028,LTRI,mine,brine,10.05309504
2029,LTRI,mine,brine,9.574376233
2030,LTRI,mine,brine,9.118453555
2031,LTRI,mine,brine,8.684241481
2032,LTRI,mine,brine,8.270706172
2033,LTRI,mine,brine,7.876863021
2034,LTRI,mine,brine,7.501774306
2035,LTRI,mine,brine,7.144546958
2036,LTRI,mine,brine,6.804330436
2037,LTRI,mine,brine,6.480314701
2038,LTRI,mine,brine,6.171728287
2039,LTRI,mine,brine,5.877836464
2040,LTRI,mine,brine,5.597939489
2041,LTRI,mine,brine,5.331370942
2042,LTRI,mine,brine,5.077496135
2043,LTRI,mine,brine,4.835710605
2044,LTRI,mine,brine,4.605438671
2045,LTRI,mine,brine,4.386132068
2046,LTRI,mine,brine,4.177268636
2047,LTRI,mine,brine,3.978351082
2048,LTRI,mine,brine,3.788905792
2049,LTRI,mine,brine,3.608481707
2050,LTRI,mine,brine,3.436649245
2051,LTRI,mine,brine,3.272999281
2052,LTRI,mine,brine,3.117142172
2053,LTRI,mine,brine,2.968706831
2054,LTRI,mine,brine,2.827339839
2055,LTRI,mine,brine,2.692704608
2056,LTRI,mine,brine,2.564480579
2057,LTRI,mine,brine,2.442362457
2058,LTRI,mine,brine,2.326059482
2059,LTRI,mine,brine,2.215294745
2060,LTRI,mine,brine,2.109804519
2061,LTRI,mine,brine,2.009337637
2062,LTRI,mine,brine,1.913654893
2063,LTRI,mine,brine,1.822528469
2064,LTRI,mine,brine,1.735741399
2065,LTRI,mine,brine,1.653087047
2066,LTRI,mine,brine,1.574368616
2067,LTRI,mine,brine,1.499398682
2068,LTRI,mine,brine,1.427998745
2069,LTRI,mine,brine,1.359998805
2070,LTRI,mine,brine,1.295236957
2071,LTRI,mine,brine,1.233559006
2072,LTRI,mine,brine,1.174818101
2073,LTRI,mine,brine,1.118874382
2074,LTRI,mine,brine,1.06559465
2075,LTRI,mine,brine,1.014852047
2076,LTRI,mine,brine,0.966525759
2077,LTRI,mine,brine,0.920500723
2078,LTRI,mine,brine,0.876667355
2079,LTRI,mine,brine,0.834921291
2080,LTRI,mine,brine,0.795163134
2081,LTRI,mine,brine,0.757298223
2082,LTRI,mine,brine,0.721236403
2083,LTRI,mine,brine,0.686891812
2084,LTRI,mine,brine,0.654182678
2085,LTRI,mine,brine,0.623031122
2086,LTRI,mine,brine,0.593362974
2087,LTRI,mine,brine,0.565107594
2088,LTRI,mine,brine,0.538197708
2089,LTRI,mine,brine,0.512569246
2090,LTRI,mine,brine,0.488161187
2091,LTRI,mine,brine,0.464915416
2092,LTRI,mine,brine,0.442776587
2093,LTRI,mine,brine,0.421691987
2094,LTRI,mine,brine,0.401611416
2095,LTRI,mine,brine,0.382487063
2096,LTRI,mine,brine,0.364273394
2097,LTRI,mine,brine,0.346927042
2098,LTRI,mine,brine,0.330406706
2099,LTRI,mine,brine,0.314673054
2100,LTRI,mine,brine,0.299688622
2020,LTRI,mine,spod,100
2021,LTRI,mine,spod,12.87809524
2022,LTRI,mine,spod,12.26485261
2023,LTRI,mine,spod,11.68081201
2024,LTRI,mine,spod,11.12458286
2025,LTRI,mine,spod,10.59484082
2026,LTRI,mine,spod,10.09032459
2027,LTRI,mine,spod,9.609832946
2028,LTRI,mine,spod,9.152221853
2029,LTRI,mine,spod,8.716401765
2030,LTRI,mine,spod,8.301335014
2031,LTRI,mine,spod,7.906033347
2032,LTRI,mine,spod,7.529555569
2033,LTRI,mine,spod,7.171005303
2034,LTRI,mine,spod,6.82952886
2035,LTRI,mine,spod,6.5043132
2036,LTRI,mine,spod,6.194584
2037,LTRI,mine,spod,5.89960381
2038,LTRI,mine,spod,5.618670295
2039,LTRI,mine,spod,5.351114567
2040,LTRI,mine,spod,5.096299587
2041,LTRI,mine,spod,4.853618655
2042,LTRI,mine,spod,4.622493957
2043,LTRI,mine,spod,4.402375197
2044,LTRI,mine,spod,4.192738283
2045,LTRI,mine,spod,3.993084079
2046,LTRI,mine,spod,3.802937218
2047,LTRI,mine,spod,3.62184497
2048,LTRI,mine,spod,3.449376161
2049,LTRI,mine,spod,3.285120154
2050,LTRI,mine,spod,3.128685861
2051,LTRI,mine,spod,2.97970082
2052,LTRI,mine,spod,2.837810305
2053,LTRI,mine,spod,2.70267648
2054,LTRI,mine,spod,2.5739776
2055,LTRI,mine,spod,2.451407239
2056,LTRI,mine,spod,2.334673561
2057,LTRI,mine,spod,2.223498629
2058,LTRI,mine,spod,2.117617742
2059,LTRI,mine,spod,2.016778802
2060,LTRI,mine,spod,1.920741716
2061,LTRI,mine,spod,1.829277825
2062,LTRI,mine,spod,1.742169357
2063,LTRI,mine,spod,1.659208911
2064,LTRI,mine,spod,1.580198963
2065,LTRI,mine,spod,1.504951394
2066,LTRI,mine,spod,1.433287041
2067,LTRI,mine,spod,1.365035278
2068,LTRI,mine,spod,1.300033598
2069,LTRI,mine,spod,1.238127236
2070,LTRI,mine,spod,1.179168796
2071,LTRI,mine,spod,1.123017901
2072,LTRI,mine,spod,1.069540858
2073,LTRI,mine,spod,1.018610341
2074,LTRI,mine,spod,0.970105087
2075,LTRI,mine,spod,0.923909606
2076,LTRI,mine,spod,0.879913911
2077,LTRI,mine,spod,0.838013248
2078,LTRI,mine,spod,0.798107856
2079,LTRI,mine,spod,0.76010272
2080,LTRI,mine,spod,0.723907352
2081,LTRI,mine,spod,0.689435573
2082,LTRI,mine,spod,0.656605308
2083,LTRI,mine,spod,0.625338389
2084,LTRI,mine,spod,0.59556037
2085,LTRI,mine,spod,0.567200352
2086,LTRI,mine,spod,0.540190812
2087,LTRI,mine,spod,0.51446744
2088,LTRI,mine,spod,0.48996899
2089,LTRI,mine,spod,0.466637134
2090,LTRI,mine,spod,0.444416318
2091,LTRI,mine,spod,0.423253636
2092,LTRI,mine,spod,0.403098701
2093,LTRI,mine,spod,0.383903525
2094,LTRI,mine,spod,0.365622404
2095,LTRI,mine,spod,0.348211814
2096,LTRI,mine,spod,0.331630299
2097,LTRI,mine,spod,0.31583838
2098,LTRI,mine,spod,0.300798457
2099,LTRI,mine,spod,0.286474721
2100,LTRI,mine,spod,0.272833068
2020,LTRI,mine,clay,100
2021,LTRI,mine,clay,8.872380952
2022,LTRI,mine,clay,8.449886621
2023,LTRI,mine,clay,8.047511068
2024,LTRI,mine,clay,7.664296255
2025,LTRI,mine,clay,7.299329767
2026,LTRI,mine,clay,6.951742635
2027,LTRI,mine,clay,6.620707271
2028,LTRI,mine,clay,6.305435497
2029,LTRI,mine,clay,6.005176663
2030,LTRI,mine,clay,5.71921587
2031,LTRI,mine,clay,5.446872257
2032,LTRI,mine,clay,5.187497388
2033,LTRI,mine,clay,4.940473703
2034,LTRI,mine,clay,4.70521305
2035,LTRI,mine,clay,4.481155286
2036,LTRI,mine,clay,4.267766939
2037,LTRI,mine,clay,4.064539942
2038,LTRI,mine,clay,3.870990421
2039,LTRI,mine,clay,3.686657544
2040,LTRI,mine,clay,3.511102422
2041,LTRI,mine,clay,3.343907069
2042,LTRI,mine,clay,3.184673399
2043,LTRI,mine,clay,3.033022285
2044,LTRI,mine,clay,2.888592652
2045,LTRI,mine,clay,2.751040621
2046,LTRI,mine,clay,2.620038687
2047,LTRI,mine,clay,2.49527494
2048,LTRI,mine,clay,2.376452324
2049,LTRI,mine,clay,2.263287927
2050,LTRI,mine,clay,2.155512312
2051,LTRI,mine,clay,2.052868868
2052,LTRI,mine,clay,1.955113208
2053,LTRI,mine,clay,1.862012579
2054,LTRI,mine,clay,1.773345313
2055,LTRI,mine,clay,1.688900298
2056,LTRI,mine,clay,1.608476475
2057,LTRI,mine,clay,1.531882357
2058,LTRI,mine,clay,1.458935578
2059,LTRI,mine,clay,1.389462455
2060,LTRI,mine,clay,1.323297576
2061,LTRI,mine,clay,1.260283406
2062,LTRI,mine,clay,1.20026991
2063,LTRI,mine,clay,1.1431142
2064,LTRI,mine,clay,1.088680191
2065,LTRI,mine,clay,1.036838277
2066,LTRI,mine,clay,0.987465026
2067,LTRI,mine,clay,0.940442882
2068,LTRI,mine,clay,0.895659887
2069,LTRI,mine,clay,0.853009416
2070,LTRI,mine,clay,0.81238992
2071,LTRI,mine,clay,0.773704686
2072,LTRI,mine,clay,0.736861606
2073,LTRI,mine,clay,0.701772958
2074,LTRI,mine,clay,0.668355198
2075,LTRI,mine,clay,0.63652876
2076,LTRI,mine,clay,0.606217867
2077,LTRI,mine,clay,0.577350349
2078,LTRI,mine,clay,0.549857475
2079,LTRI,mine,clay,0.523673786
2080,LTRI,mine,clay,0.498736939
2081,LTRI,mine,clay,0.474987561
2082,LTRI,mine,clay,0.452369106
2083,LTRI,mine,clay,0.43082772
2084,LTRI,mine,clay,0.410312114
2085,LTRI,mine,clay,0.390773442
2086,LTRI,mine,clay,0.372165183
2087,LTRI,mine,clay,0.354443031
2088,LTRI,mine,clay,0.337564792
2089,LTRI,mine,clay,0.321490278
2090,LTRI,mine,clay,0.306181217
2091,LTRI,mine,clay,0.291601159
2092,LTRI,mine,clay,0.27771539
2093,LTRI,mine,clay,0.264490847
2094,LTRI,mine,clay,0.251896045
2095,LTRI,mine,clay,0.239900995
2096,LTRI,mine,clay,0.228477138
2097,LTRI,mine,clay,0.217597275
2098,LTRI,mine,clay,0.2072355
2099,LTRI,mine,clay,0.197367142
2100,LTRI,mine,clay,0.187968707
2020,NA,mine,brine,100
2021,NA,mine,brine,14.14571429
2022,NA,mine,brine,13.47210884
2023,NA,mine,brine,12.83057985
2024,NA,mine,brine,12.21959986
2025,NA,mine,brine,11.63771415
2026,NA,mine,brine,11.08353729
2027,NA,mine,brine,10.5557498
2028,NA,mine,brine,10.05309504
2029,NA,mine,brine,9.574376233
2030,NA,mine,brine,9.118453555
2031,NA,mine,brine,8.684241481
2032,NA,mine,brine,8.270706172
2033,NA,mine,brine,7.876863021
2034,NA,mine,brine,7.501774306
2035,NA,mine,brine,7.144546958
2036,NA,mine,brine,6.804330436
2037,NA,mine,brine,6.480314701
2038,NA,mine,brine,6.171728287
2039,NA,mine,brine,5.877836464
2040,NA,mine,brine,5.597939489
2041,NA,mine,brine,5.331370942
2042,NA,mine,brine,5.077496135
2043,NA,mine,brine,4.835710605
2044,NA,mine,brine,4.605438671
2045,NA,mine,brine,4.386132068
2046,NA,mine,brine,4.177268636
2047,NA,mine,brine,3.978351082
2048,NA,mine,brine,3.788905792
2049,NA,mine,brine,3.608481707
2050,NA,mine,brine,3.436649245
2051,NA,mine,brine,3.272999281
2052,NA,mine,brine,3.117142172
2053,NA,mine,brine,2.968706831
2054,NA,mine,brine,2.827339839
2055,NA,mine,brine,2.692704608
2056,NA,mine,brine,2.564480579
2057,NA,mine,brine,2.442362457
2058,NA,mine,brine,2.326059482
2059,NA,mine,brine,2.215294745
2060,NA,mine,brine,2.109804519
2061,NA,mine,brine,2.009337637
2062,NA,mine,brine,1.913654893
2063,NA,mine,brine,1.822528469
2064,NA,mine,brine,1.735741399
2065,NA,mine,brine,1.653087047
2066,NA,mine,brine,1.574368616
2067,NA,mine,brine,1.499398682
2068,NA,mine,brine,1.427998745
2069,NA,mine,brine,1.359998805
2070,NA,mine,brine,1.295236957
2071,NA,mine,brine,1.233559006
2072,NA,mine,brine,1.174818101
2073,NA,mine,brine,1.118874382
2074,NA,mine,brine,1.06559465
2075,NA,mine,brine,1.014852047
2076,NA,mine,brine,0.966525759
2077,NA,mine,brine,0.920500723
2078,NA,mine,brine,0.876667355
2079,NA,mine,brine,0.834921291
2080,NA,mine,brine,0.795163134
2081,NA,mine,brine,0.757298223
2082,NA,mine,brine,0.721236403
2083,NA,mine,brine,0.686891812
2084,NA,mine,brine,0.654182678
2085,NA,mine,brine,0.623031122
2086,NA,mine,brine,0.593362974
2087,NA,mine,brine,0.565107594
2088,NA,mine,brine,0.538197708
2089,NA,mine,brine,0.512569246
2090,NA,mine,brine,0.488161187
2091,NA,mine,brine,0.464915416
2092,NA,mine,brine,0.442776587
2093,NA,mine,brine,0.421691987
2094,NA,mine,brine,0.401611416
2095,NA,mine,brine,0.382487063
2096,NA,mine,brine,0.364273394
2097,NA,mine,brine,0.346927042
2098,NA,mine,brine,0.330406706
2099,NA,mine,brine,0.314673054
2100,NA,mine,brine,0.299688622
2020,NA,mine,spod,100
2021,NA,mine,spod,12.87809524
2022,NA,mine,spod,12.26485261
2023,NA,mine,spod,11.68081201
2024,NA,mine,spod,11.12458286
2025,NA,mine,spod,10.59484082
2026,NA,mine,spod,10.09032459
2027,NA,mine,spod,9.609832946
2028,NA,mine,spod,9.152221853
2029,NA,mine,spod,8.716401765
2030,NA,mine,spod,8.301335014
2031,NA,mine,spod,7.906033347
2032,NA,mine,spod,7.529555569
2033,NA,mine,spod,7.171005303
2034,NA,mine,spod,6.82952886
2035,NA,mine,spod,6.5043132
2036,NA,mine,spod,6.194584
2037,NA,mine,spod,5.89960381
2038,NA,mine,spod,5.618670295
2039,NA,mine,spod,5.351114567
2040,NA,mine,spod,5.096299587
2041,NA,mine,spod,4.853618655
2042,NA,mine,spod,4.622493957
2043,NA,mine,spod,4.402375197
2044,NA,mine,spod,4.192738283
2045,NA,mine,spod,3.993084079
2046,NA,mine,spod,3.802937218
2047,NA,mine,spod,3.62184497
2048,NA,mine,spod,3.449376161
2049,NA,mine,spod,3.285120154
2050,NA,mine,spod,3.128685861
2051,NA,mine,spod,2.97970082
2052,NA,mine,spod,2.837810305
2053,NA,mine,spod,2.70267648
2054,NA,mine,spod,2.5739776
2055,NA,mine,spod,2.451407239
2056,NA,mine,spod,2.334673561
2057,NA,mine,spod,2.223498629
2058,NA,mine,spod,2.117617742
2059,NA,mine,spod,2.016778802
2060,NA,mine,spod,1.920741716
2061,NA,mine,spod,1.829277825
2062,NA,mine,spod,1.742169357
2063,NA,mine,spod,1.659208911
2064,NA,mine,spod,1.580198963
2065,NA,mine,spod,1.504951394
2066,NA,mine,spod,1.433287041
2067,NA,mine,spod,1.365035278
2068,NA,mine,spod,1.300033598
2069,NA,mine,spod,1.238127236
2070,NA,mine,spod,1.179168796
2071,NA,mine,spod,1.123017901
2072,NA,mine,spod,1.069540858
2073,NA,mine,spod,1.018610341
2074,NA,mine,spod,0.970105087
2075,NA,mine,spod,0.923909606
2076,NA,mine,spod,0.879913911
2077,NA,mine,spod,0.838013248
2078,NA,mine,spod,0.798107856
2079,NA,mine,spod,0.76010272
2080,NA,mine,spod,0.723907352
2081,NA,mine,spod,0.689435573
2082,NA,mine,spod,0.656605308
2083,NA,mine,spod,0.625338389
2084,NA,mine,spod,0.59556037
2085,NA,mine,spod,0.567200352
2086,NA,mine,spod,0.540190812
2087,NA,mine,spod,0.51446744
2088,NA,mine,spod,0.48996899
2089,NA,mine,spod,0.466637134
2090,NA,mine,spod,0.444416318
2091,NA,mine,spod,0.423253636
2092,NA,mine,spod,0.403098701
2093,NA,mine,spod,0.383903525
2094,NA,mine,spod,0.365622404
2095,NA,mine,spod,0.348211814
2096,NA,mine,spod,0.331630299
2097,NA,mine,spod,0.31583838
2098,NA,mine,spod,0.300798457
2099,NA,mine,spod,0.286474721
2100,NA,mine,spod,0.272833068
2020,NA,mine,clay,100
2021,NA,mine,clay,8.872380952
2022,NA,mine,clay,8.449886621
2023,NA,mine,clay,8.047511068
2024,NA,mine,clay,7.664296255
2025,NA,mine,clay,7.299329767
2026,NA,mine,clay,6.951742635
2027,NA,mine,clay,6.620707271
2028,NA,mine,clay,6.305435497
2029,NA,mine,clay,6.005176663
2030,NA,mine,clay,5.71921587
2031,NA,mine,clay,5.446872257
2032,NA,mine,clay,5.187497388
2033,NA,mine,clay,4.940473703
2034,NA,mine,clay,4.70521305
2035,NA,mine,clay,4.481155286
2036,NA,mine,clay,4.267766939
2037,NA,mine,clay,4.064539942
2038,NA,mine,clay,3.870990421
2039,NA,mine,clay,3.686657544
2040,NA,mine,clay,3.511102422
2041,NA,mine,clay,3.343907069
2042,NA,mine,clay,3.184673399
2043,NA,mine,clay,3.033022285
2044,NA,mine,clay,2.888592652
2045,NA,mine,clay,2.751040621
2046,NA,mine,clay,2.620038687
2047,NA,mine,clay,2.49527494
2048,NA,mine,clay,2.376452324
2049,NA,mine,clay,2.263287927
2050,NA,mine,clay,2.155512312
2051,NA,mine,clay,2.052868868
2052,NA,mine,clay,1.955113208
2053,NA,mine,clay,1.862012579
2054,NA,mine,clay,1.773345313
2055,NA,mine,clay,1.688900298
2056,NA,mine,clay,1.608476475
2057,NA,mine,clay,1.531882357
2058,NA,mine,clay,1.458935578
2059,NA,mine,clay,1.389462455
2060,NA,mine,clay,1.323297576
2061,NA,mine,clay,1.260283406
2062,NA,mine,clay,1.20026991
2063,NA,mine,clay,1.1431142
2064,NA,mine,clay,1.088680191
2065,NA,mine,clay,1.036838277
2066,NA,mine,clay,0.987465026
2067,NA,mine,clay,0.940442882
2068,NA,mine,clay,0.895659887
2069,NA,mine,clay,0.853009416
2070,NA,mine,clay,0.81238992
2071,NA,mine,clay,0.773704686
2072,NA,mine,clay,0.736861606
2073,NA,mine,clay,0.701772958
2074,NA,mine,clay,0.668355198
2075,NA,mine,clay,0.63652876
2076,NA,mine,clay,0.606217867
2077,NA,mine,clay,0.577350349
2078,NA,mine,clay,0.549857475
2079,NA,mine,clay,0.523673786
2080,NA,mine,clay,0.498736939
2081,NA,mine,clay,0.474987561
2082,NA,mine,clay,0.452369106
2083,NA,mine,clay,0.43082772
2084,NA,mine,clay,0.410312114
2085,NA,mine,clay,0.390773442
2086,NA,mine,clay,0.372165183
2087,NA,mine,clay,0.354443031
2088,NA,mine,clay,0.337564792
2089,NA,mine,clay,0.321490278
2090,NA,mine,clay,0.306181217
2091,NA,mine,clay,0.291601159
2092,NA,mine,clay,0.27771539
2093,NA,mine,clay,0.264490847
2094,NA,mine,clay,0.251896045
2095,NA,mine,clay,0.239900995
2096,NA,mine,clay,0.228477138
2097,NA,mine,clay,0.217597275
2098,NA,mine,clay,0.2072355
2099,NA,mine,clay,0.197367142
2100,NA,mine,clay,0.187968707
2020,LAC,mine,brine,100
2021,LAC,mine,brine,14.14571429
2022,LAC,mine,brine,13.47210884
2023,LAC,mine,brine,12.83057985
2024,LAC,mine,brine,12.21959986
2025,LAC,mine,brine,11.63771415
2026,LAC,mine,brine,11.08353729
2027,LAC,mine,brine,10.5557498
2028,LAC,mine,brine,10.05309504
2029,LAC,mine,brine,9.574376233
2030,LAC,mine,brine,9.118453555
2031,LAC,mine,brine,8.684241481
2032,LAC,mine,brine,8.270706172
2033,LAC,mine,brine,7.876863021
2034,LAC,mine,brine,7.501774306
2035,LAC,mine,brine,7.144546958
2036,LAC,mine,brine,6.804330436
2037,LAC,mine,brine,6.480314701
2038,LAC,mine,brine,6.171728287
2039,LAC,mine,brine,5.877836464
2040,LAC,mine,brine,5.597939489
2041,LAC,mine,brine,5.331370942
2042,LAC,mine,brine,5.077496135
2043,LAC,mine,brine,4.835710605
2044,LAC,mine,brine,4.605438671
2045,LAC,mine,brine,4.386132068
2046,LAC,mine,brine,4.177268636
2047,LAC,mine,brine,3.978351082
2048,LAC,mine,brine,3.788905792
2049,LAC,mine,brine,3.608481707
2050,LAC,mine,brine,3.436649245
2051,LAC,mine,brine,3.272999281
2052,LAC,mine,brine,3.117142172
2053,LAC,mine,brine,2.968706831
2054,LAC,mine,brine,2.827339839
2055,LAC,mine,brine,2.692704608
2056,LAC,mine,brine,2.564480579
2057,LAC,mine,brine,2.442362457
2058,LAC,mine,brine,2.326059482
2059,LAC,mine,brine,2.215294745
2060,LAC,mine,brine,2.109804519
2061,LAC,mine,brine,2.009337637
2062,LAC,mine,brine,1.913654893
2063,LAC,mine,brine,1.822528469
2064,LAC,mine,brine,1.735741399
2065,LAC,mine,brine,1.653087047
2066,LAC,mine,brine,1.574368616
2067,LAC,mine,brine,1.499398682
2068,LAC,mine,brine,1.427998745
2069,LAC,mine,brine,1.359998805
2070,LAC,mine,brine,1.295236957
2071,LAC,mine,brine,1.233559006
2072,LAC,mine,brine,1.174818101
2073,LAC,mine,brine,1.118874382
2074,LAC,mine,brine,1.06559465
2075,LAC,mine,brine,1.014852047
2076,LAC,mine,brine,0.966525759
2077,LAC,mine,brine,0.920500723
2078,LAC,mine,brine,0.876667355
2079,LAC,mine,brine,0.834921291
2080,LAC,mine,brine,0.795163134
2081,LAC,mine,brine,0.757298223
2082,LAC,mine,brine,0.721236403
2083,LAC,mine,brine,0.686891812
2084,LAC,mine,brine,0.654182678
2085,LAC,mine,brine,0.623031122
2086,LAC,mine,brine,0.593362974
2087,LAC,mine,brine,0.565107594
2088,LAC,mine,brine,0.538197708
2089,LAC,mine,brine,0.512569246
2090,LAC,mine,brine,0.488161187
2091,LAC,mine,brine,0.464915416
2092,LAC,mine,brine,0.442776587
2093,LAC,mine,brine,0.421691987
2094,LAC,mine,brine,0.401611416
2095,LAC,mine,brine,0.382487063
2096,LAC,mine,brine,0.364273394
2097,LAC,mine,brine,0.346927042
2098,LAC,mine,brine,0.330406706
2099,LAC,mine,brine,0.314673054
2100,LAC,mine,brine,0.299688622
2020,LAC,mine,spod,100
2021,LAC,mine,spod,12.87809524
2022,LAC,mine,spod,12.26485261
2023,LAC,mine,spod,11.68081201
2024,LAC,mine,spod,11.12458286
2025,LAC,mine,spod,10.59484082
2026,LAC,mine,spod,10.09032459
2027,LAC,mine,spod,9.609832946
2028,LAC,mine,spod,9.152221853
2029,LAC,mine,spod,8.716401765
2030,LAC,mine,spod,8.301335014
2031,LAC,mine,spod,7.906033347
2032,LAC,mine,spod,7.529555569
2033,LAC,mine,spod,7.171005303
2034,LAC,mine,spod,6.82952886
2035,LAC,mine,spod,6.5043132
2036,LAC,mine,spod,6.194584
2037,LAC,mine,spod,5.89960381
2038,LAC,mine,spod,5.618670295
2039,LAC,mine,spod,5.351114567
2040,LAC,mine,spod,5.096299587
2041,LAC,mine,spod,4.853618655
2042,LAC,mine,spod,4.622493957
2043,LAC,mine,spod,4.402375197
2044,LAC,mine,spod,4.192738283
2045,LAC,mine,spod,3.993084079
2046,LAC,mine,spod,3.802937218
2047,LAC,mine,spod,3.62184497
2048,LAC,mine,spod,3.449376161
2049,LAC,mine,spod,3.285120154
2050,LAC,mine,spod,3.128685861
2051,LAC,mine,spod,2.97970082
2052,LAC,mine,spod,2.837810305
2053,LAC,mine,spod,2.70267648
2054,LAC,mine,spod,2.5739776
2055,LAC,mine,spod,2.451407239
2056,LAC,mine,spod,2.334673561
2057,LAC,mine,spod,2.223498629
2058,LAC,mine,spod,2.117617742
2059,LAC,mine,spod,2.016778802
2060,LAC,mine,spod,1.920741716
2061,LAC,mine,spod,1.829277825
2062,LAC,mine,spod,1.742169357
2063,LAC,mine,spod,1.659208911
2064,LAC,mine,spod,1.580198963
2065,LAC,mine,spod,1.504951394
2066,LAC,mine,spod,1.433287041
2067,LAC,mine,spod,1.365035278
2068,LAC,mine,spod,1.300033598
2069,LAC,mine,spod,1.238127236
2070,LAC,mine,spod,1.179168796
2071,LAC,mine,spod,1.123017901
2072,LAC,mine,spod,1.069540858
2073,LAC,mine,spod,1.018610341
2074,LAC,mine,spod,0.970105087
2075,LAC,mine,spod,0.923909606
2076,LAC,mine,spod,0.879913911
2077,LAC,mine,spod,0.838013248
2078,LAC,mine,spod,0.798107856
2079,LAC,mine,spod,0.76010272
2080,LAC,mine,spod,0.723907352
2081,LAC,mine,spod,0.689435573
2082,LAC,mine,spod,0.656605308
2083,LAC,mine,spod,0.625338389
2084,LAC,mine,spod,0.59556037
2085,LAC,mine,spod,0.567200352
2086,LAC,mine,spod,0.540190812
2087,LAC,mine,spod,0.51446744
2088,LAC,mine,spod,0.48996899
2089,LAC,mine,spod,0.466637134
2090,LAC,mine,spod,0.444416318
2091,LAC,mine,spod,0.423253636
2092,LAC,mine,spod,0.403098701
2093,LAC,mine,spod,0.383903525
2094,LAC,mine,spod,0.365622404
2095,LAC,mine,spod,0.348211814
2096,LAC,mine,spod,0.331630299
2097,LAC,mine,spod,0.31583838
2098,LAC,mine,spod,0.300798457
2099,LAC,mine,spod,0.286474721
2100,LAC,mine,spod,0.272833068
2020,LAC,mine,clay,100
2021,LAC,mine,clay,8.872380952
2022,LAC,mine,clay,8.449886621
2023,LAC,mine,clay,8.047511068
2024,LAC,mine,clay,7.664296255
2025,LAC,mine,clay,7.299329767
2026,LAC,mine,clay,6.951742635
2027,LAC,mine,clay,6.620707271
2028,LAC,mine,clay,6.305435497
2029,LAC,mine,clay,6.005176663
2030,LAC,mine,clay,5.71921587
2031,LAC,mine,clay,5.446872257
2032,LAC,mine,clay,5.187497388
2033,LAC,mine,clay,4.940473703
2034,LAC,mine,clay,4.70521305
2035,LAC,mine,clay,4.481155286
2036,LAC,mine,clay,4.267766939
2037,LAC,mine,clay,4.064539942
2038,LAC,mine,clay,3.870990421
2039,LAC,mine,clay,3.686657544
2040,LAC,mine,clay,3.511102422
2041,LAC,mine,clay,3.343907069
2042,LAC,mine,clay,3.184673399
2043,LAC,mine,clay,3.033022285
2044,LAC,mine,clay,2.888592652
2045,LAC,mine,clay,2.751040621
2046,LAC,mine,clay,2.620038687
2047,LAC,mine,clay,2.49527494
2048,LAC,mine,clay,2.376452324
2049,LAC,mine,clay,2.263287927
2050,LAC,mine,clay,2.155512312
2051,LAC,mine,clay,2.052868868
2052,LAC,mine,clay,1.955113208
2053,LAC,mine,clay,1.862012579
2054,LAC,mine,clay,1.773345313
2055,LAC,mine,clay,1.688900298
2056,LAC,mine,clay,1.608476475
2057,LAC,mine,clay,1.531882357
2058,LAC,mine,clay,1.458935578
2059,LAC,mine,clay,1.389462455
2060,LAC,mine,clay,1.323297576
2061,LAC,mine,clay,1.260283406
2062,LAC,mine,clay,1.20026991
2063,LAC,mine,clay,1.1431142
2064,LAC,mine,clay,1.088680191
2065,LAC,mine,clay,1.036838277
2066,LAC,mine,clay,0.987465026
2067,LAC,mine,clay,0.940442882
2068,LAC,mine,clay,0.895659887
2069,LAC,mine,clay,0.853009416
2070,LAC,mine,clay,0.81238992
2071,LAC,mine,clay,0.773704686
2072,LAC,mine,clay,0.736861606
2073,LAC,mine,clay,0.701772958
2074,LAC,mine,clay,0.668355198
2075,LAC,mine,clay,0.63652876
2076,LAC,mine,clay,0.606217867
2077,LAC,mine,clay,0.577350349
2078,LAC,mine,clay,0.549857475
2079,LAC,mine,clay,0.523673786
2080,LAC,mine,clay,0.498736939
2081,LAC,mine,clay,0.474987561
2082,LAC,mine,clay,0.452369106
2083,LAC,mine,clay,0.43082772
2084,LAC,mine,clay,0.410312114
2085,LAC,mine,clay,0.390773442
2086,LAC,mine,clay,0.372165183
2087,LAC,mine,clay,0.354443031
2088,LAC,mine,clay,0.337564792
2089,LAC,mine,clay,0.321490278
2090,LAC,mine,clay,0.306181217
2091,LAC,mine,clay,0.291601159
2092,LAC,mine,clay,0.27771539
2093,LAC,mine,clay,0.264490847
2094,LAC,mine,clay,0.251896045
2095,LAC,mine,clay,0.239900995
2096,LAC,mine,clay,0.228477138
2097,LAC,mine,clay,0.217597275
2098,LAC,mine,clay,0.2072355
2099,LAC,mine,clay,0.197367142
2100,LAC,mine,clay,0.187968707
2020,SSA,mine,brine,100
2021,SSA,mine,brine,14.14571429
2022,SSA,mine,brine,13.47210884
2023,SSA,mine,brine,12.83057985
2024,SSA,mine,brine,12.21959986
2025,SSA,mine,brine,11.63771415
2026,SSA,mine,brine,11.08353729
2027,SSA,mine,brine,10.5557498
2028,SSA,mine,brine,10.05309504
2029,SSA,mine,brine,9.574376233
2030,SSA,mine,brine,9.118453555
2031,SSA,mine,brine,8.684241481
2032,SSA,mine,brine,8.270706172
2033,SSA,mine,brine,7.876863021
2034,SSA,mine,brine,7.501774306
2035,SSA,mine,brine,7.144546958
2036,SSA,mine,brine,6.804330436
2037,SSA,mine,brine,6.480314701
2038,SSA,mine,brine,6.171728287
2039,SSA,mine,brine,5.877836464
2040,SSA,mine,brine,5.597939489
2041,SSA,mine,brine,5.331370942
2042,SSA,mine,brine,5.077496135
2043,SSA,mine,brine,4.835710605
2044,SSA,mine,brine,4.605438671
2045,SSA,mine,brine,4.386132068
2046,SSA,mine,brine,4.177268636
2047,SSA,mine,brine,3.978351082
2048,SSA,mine,brine,3.788905792
2049,SSA,mine,brine,3.608481707
2050,SSA,mine,brine,3.436649245
2051,SSA,mine,brine,3.272999281
2052,SSA,mine,brine,3.117142172
2053,SSA,mine,brine,2.968706831
2054,SSA,mine,brine,2.827339839
2055,SSA,mine,brine,2.692704608
2056,SSA,mine,brine,2.564480579
2057,SSA,mine,brine,2.442362457
2058,SSA,mine,brine,2.326059482
2059,SSA,mine,brine,2.215294745
2060,SSA,mine,brine,2.109804519
2061,SSA,mine,brine,2.009337637
2062,SSA,mine,brine,1.913654893
2063,SSA,mine,brine,1.822528469
2064,SSA,mine,brine,1.735741399
2065,SSA,mine,brine,1.653087047
2066,SSA,mine,brine,1.574368616
2067,SSA,mine,brine,1.499398682
2068,SSA,mine,brine,1.427998745
2069,SSA,mine,brine,1.359998805
2070,SSA,mine,brine,1.295236957
2071,SSA,mine,brine,1.233559006
2072,SSA,mine,brine,1.174818101
2073,SSA,mine,brine,1.118874382
2074,SSA,mine,brine,1.06559465
2075,SSA,mine,brine,1.014852047
2076,SSA,mine,brine,0.966525759
2077,SSA,mine,brine,0.920500723
2078,SSA,mine,brine,0.876667355
2079,SSA,mine,brine,0.834921291
2080,SSA,mine,brine,0.795163134
2081,SSA,mine,brine,0.757298223
2082,SSA,mine,brine,0.721236403
2083,SSA,mine,brine,0.686891812
2084,SSA,mine,brine,0.654182678
2085,SSA,mine,brine,0.623031122
2086,SSA,mine,brine,0.593362974
2087,SSA,mine,brine,0.565107594
2088,SSA,mine,brine,0.538197708
2089,SSA,mine,brine,0.512569246
2090,SSA,mine,brine,0.488161187
2091,SSA,mine,brine,0.464915416
2092,SSA,mine,brine,0.442776587
2093,SSA,mine,brine,0.421691987
2094,SSA,mine,brine,0.401611416
2095,SSA,mine,brine,0.382487063
2096,SSA,mine,brine,0.364273394
2097,SSA,mine,brine,0.346927042
2098,SSA,mine,brine,0.330406706
2099,SSA,mine,brine,0.314673054
2100,SSA,mine,brine,0.299688622
2020,SSA,mine,spod,100
2021,SSA,mine,spod,12.87809524
2022,SSA,mine,spod,12.26485261
2023,SSA,mine,spod,11.68081201
2024,SSA,mine,spod,11.12458286
2025,SSA,mine,spod,10.59484082
2026,SSA,mine,spod,10.09032459
2027,SSA,mine,spod,9.609832946
2028,SSA,mine,spod,9.152221853
2029,SSA,mine,spod,8.716401765
2030,SSA,mine,spod,8.301335014
2031,SSA,mine,spod,7.906033347
2032,SSA,mine,spod,7.529555569
2033,SSA,mine,spod,7.171005303
2034,SSA,mine,spod,6.82952886
2035,SSA,mine,spod,6.5043132
2036,SSA,mine,spod,6.194584
2037,SSA,mine,spod,5.89960381
2038,SSA,mine,spod,5.618670295
2039,SSA,mine,spod,5.351114567
2040,SSA,mine,spod,5.096299587
2041,SSA,mine,spod,4.853618655
2042,SSA,mine,spod,4.622493957
2043,SSA,mine,spod,4.402375197
2044,SSA,mine,spod,4.192738283
2045,SSA,mine,spod,3.993084079
2046,SSA,mine,spod,3.802937218
2047,SSA,mine,spod,3.62184497
2048,SSA,mine,spod,3.449376161
2049,SSA,mine,spod,3.285120154
2050,SSA,mine,spod,3.128685861
2051,SSA,mine,spod,2.97970082
2052,SSA,mine,spod,2.837810305
2053,SSA,mine,spod,2.70267648
2054,SSA,mine,spod,2.5739776
2055,SSA,mine,spod,2.451407239
2056,SSA,mine,spod,2.334673561
2057,SSA,mine,spod,2.223498629
2058,SSA,mine,spod,2.117617742
2059,SSA,mine,spod,2.016778802
2060,SSA,mine,spod,1.920741716
2061,SSA,mine,spod,1.829277825
2062,SSA,mine,spod,1.742169357
2063,SSA,mine,spod,1.659208911
2064,SSA,mine,spod,1.580198963
2065,SSA,mine,spod,1.504951394
2066,SSA,mine,spod,1.433287041
2067,SSA,mine,spod,1.365035278
2068,SSA,mine,spod,1.300033598
2069,SSA,mine,spod,1.238127236
2070,SSA,mine,spod,1.179168796
2071,SSA,mine,spod,1.123017901
2072,SSA,mine,spod,1.069540858
2073,SSA,mine,spod,1.018610341
2074,SSA,mine,spod,0.970105087
2075,SSA,mine,spod,0.923909606
2076,SSA,mine,spod,0.879913911
2077,SSA,mine,spod,0.838013248
2078,SSA,mine,spod,0.798107856
2079,SSA,mine,spod,0.76010272
2080,SSA,mine,spod,0.723907352
2081,SSA,mine,spod,0.689435573
2082,SSA,mine,spod,0.656605308
2083,SSA,mine,spod,0.625338389
2084,SSA,mine,spod,0.59556037
2085,SSA,mine,spod,0.567200352
2086,SSA,mine,spod,0.540190812
2087,SSA,mine,spod,0.51446744
2088,SSA,mine,spod,0.48996899
2089,SSA,mine,spod,0.466637134
2090,SSA,mine,spod,0.444416318
2091,SSA,mine,spod,0.423253636
2092,SSA,mine,spod,0.403098701
2093,SSA,mine,spod,0.383903525
2094,SSA,mine,spod,0.365622404
2095,SSA,mine,spod,0.348211814
2096,SSA,mine,spod,0.331630299
2097,SSA,mine,spod,0.31583838
2098,SSA,mine,spod,0.300798457
2099,SSA,mine,spod,0.286474721
2100,SSA,mine,spod,0.272833068
2020,SSA,mine,clay,100
2021,SSA,mine,clay,8.872380952
2022,SSA,mine,clay,8.449886621
2023,SSA,mine,clay,8.047511068
2024,SSA,mine,clay,7.664296255
2025,SSA,mine,clay,7.299329767
2026,SSA,mine,clay,6.951742635
2027,SSA,mine,clay,6.620707271
2028,SSA,mine,clay,6.305435497
2029,SSA,mine,clay,6.005176663
2030,SSA,mine,clay,5.71921587
2031,SSA,mine,clay,5.446872257
2032,SSA,mine,clay,5.187497388
2033,SSA,mine,clay,4.940473703
2034,SSA,mine,clay,4.70521305
2035,SSA,mine,clay,4.481155286
2036,SSA,mine,clay,4.267766939
2037,SSA,mine,clay,4.064539942
2038,SSA,mine,clay,3.870990421
2039,SSA,mine,clay,3.686657544
2040,SSA,mine,clay,3.511102422
2041,SSA,mine,clay,3.343907069
2042,SSA,mine,clay,3.184673399
2043,SSA,mine,clay,3.033022285
2044,SSA,mine,clay,2.888592652
2045,SSA,mine,clay,2.751040621
2046,SSA,mine,clay,2.620038687
2047,SSA,mine,clay,2.49527494
2048,SSA,mine,clay,2.376452324
2049,SSA,mine,clay,2.263287927
2050,SSA,mine,clay,2.155512312
2051,SSA,mine,clay,2.052868868
2052,SSA,mine,clay,1.955113208
2053,SSA,mine,clay,1.862012579
2054,SSA,mine,clay,1.773345313
2055,SSA,mine,clay,1.688900298
2056,SSA,mine,clay,1.608476475
2057,SSA,mine,clay,1.531882357
2058,SSA,mine,clay,1.458935578
2059,SSA,mine,clay,1.389462455
2060,SSA,mine,clay,1.323297576
2061,SSA,mine,clay,1.260283406
2062,SSA,mine,clay,1.20026991
2063,SSA,mine,clay,1.1431142
2064,SSA,mine,clay,1.088680191
2065,SSA,mine,clay,1.036838277
2066,SSA,mine,clay,0.987465026
2067,SSA,mine,clay,0.940442882
2068,SSA,mine,clay,0.895659887
2069,SSA,mine,clay,0.853009416
2070,SSA,mine,clay,0.81238992
2071,SSA,mine,clay,0.773704686
2072,SSA,mine,clay,0.736861606
2073,SSA,mine,clay,0.701772958
2074,SSA,mine,clay,0.668355198
2075,SSA,mine,clay,0.63652876
2076,SSA,mine,clay,0.606217867
2077,SSA,mine,clay,0.577350349
2078,SSA,mine,clay,0.549857475
2079,SSA,mine,clay,0.523673786
2080,SSA,mine,clay,0.498736939
2081,SSA,mine,clay,0.474987561
2082,SSA,mine,clay,0.452369106
2083,SSA,mine,clay,0.43082772
2084,SSA,mine,clay,0.410312114
2085,SSA,mine,clay,0.390773442
2086,SSA,mine,clay,0.372165183
2087,SSA,mine,clay,0.354443031
2088,SSA,mine,clay,0.337564792
2089,SSA,mine,clay,0.321490278
2090,SSA,mine,clay,0.306181217
2091,SSA,mine,clay,0.291601159
2092,SSA,mine,clay,0.27771539
2093,SSA,mine,clay,0.264490847
2094,SSA,mine,clay,0.251896045
2095,SSA,mine,clay,0.239900995
2096,SSA,mine,clay,0.228477138
2097,SSA,mine,clay,0.217597275
2098,SSA,mine,clay,0.2072355
2099,SSA,mine,clay,0.197367142
2100,SSA,mine,clay,0.187968707
2020,ME,mine,brine,100
2021,ME,mine,brine,14.14571429
2022,ME,mine,brine,13.47210884
2023,ME,mine,brine,12.83057985
2024,ME,mine,brine,12.21959986
2025,ME,mine,brine,11.63771415
2026,ME,mine,brine,11.08353729
2027,ME,mine,brine,10.5557498
2028,ME,mine,brine,10.05309504
2029,ME,mine,brine,9.574376233
2030,ME,mine,brine,9.118453555
2031,ME,mine,brine,8.684241481
2032,ME,mine,brine,8.270706172
2033,ME,mine,brine,7.876863021
2034,ME,mine,brine,7.501774306
2035,ME,mine,brine,7.144546958
2036,ME,mine,brine,6.804330436
2037,ME,mine,brine,6.480314701
2038,ME,mine,brine,6.171728287
2039,ME,mine,brine,5.877836464
2040,ME,mine,brine,5.597939489
2041,ME,mine,brine,5.331370942
2042,ME,mine,brine,5.077496135
2043,ME,mine,brine,4.835710605
2044,ME,mine,brine,4.605438671
2045,ME,mine,brine,4.386132068
2046,ME,mine,brine,4.177268636
2047,ME,mine,brine,3.978351082
2048,ME,mine,brine,3.788905792
2049,ME,mine,brine,3.608481707
2050,ME,mine,brine,3.436649245
2051,ME,mine,brine,3.272999281
2052,ME,mine,brine,3.117142172
2053,ME,mine,brine,2.968706831
2054,ME,mine,brine,2.827339839
2055,ME,mine,brine,2.692704608
2056,ME,mine,brine,2.564480579
2057,ME,mine,brine,2.442362457
2058,ME,mine,brine,2.326059482
2059,ME,mine,brine,2.215294745
2060,ME,mine,brine,2.109804519
2061,ME,mine,brine,2.009337637
2062,ME,mine,brine,1.913654893
2063,ME,mine,brine,1.822528469
2064,ME,mine,brine,1.735741399
2065,ME,mine,brine,1.653087047
2066,ME,mine,brine,1.574368616
2067,ME,mine,brine,1.499398682
2068,ME,mine,brine,1.427998745
2069,ME,mine,brine,1.359998805
2070,ME,mine,brine,1.295236957
2071,ME,mine,brine,1.233559006
2072,ME,mine,brine,1.174818101
2073,ME,mine,brine,1.118874382
2074,ME,mine,brine,1.06559465
2075,ME,mine,brine,1.014852047
2076,ME,mine,brine,0.966525759
2077,ME,mine,brine,0.920500723
2078,ME,mine,brine,0.876667355
2079,ME,mine,brine,0.834921291
2080,ME,mine,brine,0.795163134
2081,ME,mine,brine,0.757298223
2082,ME,mine,brine,0.721236403
2083,ME,mine,brine,0.686891812
2084,ME,mine,brine,0.654182678
2085,ME,mine,brine,0.623031122
2086,ME,mine,brine,0.593362974
2087,ME,mine,brine,0.565107594
2088,ME,mine,brine,0.538197708
2089,ME,mine,brine,0.512569246
2090,ME,mine,brine,0.488161187
2091,ME,mine,brine,0.464915416
2092,ME,mine,brine,0.442776587
2093,ME,mine,brine,0.421691987
2094,ME,mine,brine,0.401611416
2095,ME,mine,brine,0.382487063
2096,ME,mine,brine,0.364273394
2097,ME,mine,brine,0.346927042
2098,ME,mine,brine,0.330406706
2099,ME,mine,brine,0.314673054
2100,ME,mine,brine,0.299688622
2020,ME,mine,spod,100
2021,ME,mine,spod,12.87809524
2022,ME,mine,spod,12.26485261
2023,ME,mine,spod,11.68081201
2024,ME,mine,spod,11.12458286
2025,ME,mine,spod,10.59484082
2026,ME,mine,spod,10.09032459
2027,ME,mine,spod,9.609832946
2028,ME,mine,spod,9.152221853
2029,ME,mine,spod,8.716401765
2030,ME,mine,spod,8.301335014
2031,ME,mine,spod,7.906033347
2032,ME,mine,spod,7.529555569
2033,ME,mine,spod,7.171005303
2034,ME,mine,spod,6.82952886
2035,ME,mine,spod,6.5043132
2036,ME,mine,spod,6.194584
2037,ME,mine,spod,5.89960381
2038,ME,mine,spod,5.618670295
2039,ME,mine,spod,5.351114567
2040,ME,mine,spod,5.096299587
2041,ME,mine,spod,4.853618655
2042,ME,mine,spod,4.622493957
2043,ME,mine,spod,4.402375197
2044,ME,mine,spod,4.192738283
2045,ME,mine,spod,3.993084079
2046,ME,mine,spod,3.802937218
2047,ME,mine,spod,3.62184497
2048,ME,mine,spod,3.449376161
2049,ME,mine,spod,3.285120154
2050,ME,mine,spod,3.128685861
2051,ME,mine,spod,2.97970082
2052,ME,mine,spod,2.837810305
2053,ME,mine,spod,2.70267648
2054,ME,mine,spod,2.5739776
2055,ME,mine,spod,2.451407239
2056,ME,mine,spod,2.334673561
2057,ME,mine,spod,2.223498629
2058,ME,mine,spod,2.117617742
2059,ME,mine,spod,2.016778802
2060,ME,mine,spod,1.920741716
2061,ME,mine,spod,1.829277825
2062,ME,mine,spod,1.742169357
2063,ME,mine,spod,1.659208911
2064,ME,mine,spod,1.580198963
2065,ME,mine,spod,1.504951394
2066,ME,mine,spod,1.433287041
2067,ME,mine,spod,1.365035278
2068,ME,mine,spod,1.300033598
2069,ME,mine,spod,1.238127236
2070,ME,mine,spod,1.179168796
2071,ME,mine,spod,1.123017901
2072,ME,mine,spod,1.069540858
2073,ME,mine,spod,1.018610341
2074,ME,mine,spod,0.970105087
2075,ME,mine,spod,0.923909606
2076,ME,mine,spod,0.879913911
2077,ME,mine,spod,0.838013248
2078,ME,mine,spod,0.798107856
2079,ME,mine,spod,0.76010272
2080,ME,mine,spod,0.723907352
2081,ME,mine,spod,0.689435573
2082,ME,mine,spod,0.656605308
2083,ME,mine,spod,0.625338389
2084,ME,mine,spod,0.59556037
2085,ME,mine,spod,0.567200352
2086,ME,mine,spod,0.540190812
2087,ME,mine,spod,0.51446744
2088,ME,mine,spod,0.48996899
2089,ME,mine,spod,0.466637134
2090,ME,mine,spod,0.444416318
2091,ME,mine,spod,0.423253636
2092,ME,mine,spod,0.403098701
2093,ME,mine,spod,0.383903525
2094,ME,mine,spod,0.365622404
2095,ME,mine,spod,0.348211814
2096,ME,mine,spod,0.331630299
2097,ME,mine,spod,0.31583838
2098,ME,mine,spod,0.300798457
2099,ME,mine,spod,0.286474721
2100,ME,mine,spod,0.272833068
2020,ME,mine,clay,100
2021,ME,mine,clay,8.872380952
2022,ME,mine,clay,8.449886621
2023,ME,mine,clay,8.047511068
2024,ME,mine,clay,7.664296255
2025,ME,mine,clay,7.299329767
2026,ME,mine,clay,6.951742635
2027,ME,mine,clay,6.620707271
2028,ME,mine,clay,6.305435497
2029,ME,mine,clay,6.005176663
2030,ME,mine,clay,5.71921587
2031,ME,mine,clay,5.446872257
2032,ME,mine,clay,5.187497388
2033,ME,mine,clay,4.940473703
2034,ME,mine,clay,4.70521305
2035,ME,mine,clay,4.481155286
2036,ME,mine,clay,4.267766939
2037,ME,mine,clay,4.064539942
2038,ME,mine,clay,3.870990421
2039,ME,mine,clay,3.686657544
2040,ME,mine,clay,3.511102422
2041,ME,mine,clay,3.343907069
2042,ME,mine,clay,3.184673399
2043,ME,mine,clay,3.033022285
2044,ME,mine,clay,2.888592652
2045,ME,mine,clay,2.751040621
2046,ME,mine,clay,2.620038687
2047,ME,mine,clay,2.49527494
2048,ME,mine,clay,2.376452324
2049,ME,mine,clay,2.263287927
2050,ME,mine,clay,2.155512312
2051,ME,mine,clay,2.052868868
2052,ME,mine,clay,1.955113208
2053,ME,mine,clay,1.862012579
2054,ME,mine,clay,1.773345313
2055,ME,mine,clay,1.688900298
2056,ME,mine,clay,1.608476475
2057,ME,mine,clay,1.531882357
2058,ME,mine,clay,1.458935578
2059,ME,mine,clay,1.389462455
2060,ME,mine,clay,1.323297576
2061,ME,mine,clay,1.260283406
2062,ME,mine,clay,1.20026991
2063,ME,mine,clay,1.1431142
2064,ME,mine,clay,1.088680191
2065,ME,mine,clay,1.036838277
2066,ME,mine,clay,0.987465026
2067,ME,mine,clay,0.940442882
2068,ME,mine,clay,0.895659887
2069,ME,mine,clay,0.853009416
2070,ME,mine,clay,0.81238992
2071,ME,mine,clay,0.773704686
2072,ME,mine,clay,0.736861606
2073,ME,mine,clay,0.701772958
2074,ME,mine,clay,0.668355198
2075,ME,mine,clay,0.63652876
2076,ME,mine,clay,0.606217867
2077,ME,mine,clay,0.577350349
2078,ME,mine,clay,0.549857475
2079,ME,mine,clay,0.523673786
2080,ME,mine,clay,0.498736939
2081,ME,mine,clay,0.474987561
2082,ME,mine,clay,0.452369106
2083,ME,mine,clay,0.43082772
2084,ME,mine,clay,0.410312114
2085,ME,mine,clay,0.390773442
2086,ME,mine,clay,0.372165183
2087,ME,mine,clay,0.354443031
2088,ME,mine,clay,0.337564792
2089,ME,mine,clay,0.321490278
2090,ME,mine,clay,0.306181217
2091,ME,mine,clay,0.291601159
2092,ME,mine,clay,0.27771539
2093,ME,mine,clay,0.264490847
2094,ME,mine,clay,0.251896045
2095,ME,mine,clay,0.239900995
2096,ME,mine,clay,0.228477138
2097,ME,mine,clay,0.217597275
2098,ME,mine,clay,0.2072355
2099,ME,mine,clay,0.197367142
2100,ME,mine,clay,0.187968707
2020,EU,mine,brine,100
2021,EU,mine,brine,14.14571429
2022,EU,mine,brine,13.47210884
2023,EU,mine,brine,12.83057985
2024,EU,mine,brine,12.21959986
2025,EU,mine,brine,11.63771415
2026,EU,mine,brine,11.08353729
2027,EU,mine,brine,10.5557498
2028,EU,mine,brine,10.05309504
2029,EU,mine,brine,9.574376233
2030,EU,mine,brine,9.118453555
2031,EU,mine,brine,8.684241481
2032,EU,mine,brine,8.270706172
2033,EU,mine,brine,7.876863021
2034,EU,mine,brine,7.501774306
2035,EU,mine,brine,7.144546958
2036,EU,mine,brine,6.804330436
2037,EU,mine,brine,6.480314701
2038,EU,mine,brine,6.171728287
2039,EU,mine,brine,5.877836464
2040,EU,mine,brine,5.597939489
2041,EU,mine,brine,5.331370942
2042,EU,mine,brine,5.077496135
2043,EU,mine,brine,4.835710605
2044,EU,mine,brine,4.605438671
2045,EU,mine,brine,4.386132068
2046,EU,mine,brine,4.177268636
2047,EU,mine,brine,3.978351082
2048,EU,mine,brine,3.788905792
2049,EU,mine,brine,3.608481707
2050,EU,mine,brine,3.436649245
2051,EU,mine,brine,3.272999281
2052,EU,mine,brine,3.117142172
2053,EU,mine,brine,2.968706831
2054,EU,mine,brine,2.827339839
2055,EU,mine,brine,2.692704608
2056,EU,mine,brine,2.564480579
2057,EU,mine,brine,2.442362457
2058,EU,mine,brine,2.326059482
2059,EU,mine,brine,2.215294745
2060,EU,mine,brine,2.109804519
2061,EU,mine,brine,2.009337637
2062,EU,mine,brine,1.913654893
2063,EU,mine,brine,1.822528469
2064,EU,mine,brine,1.735741399
2065,EU,mine,brine,1.653087047
2066,EU,mine,brine,1.574368616
2067,EU,mine,brine,1.499398682
2068,EU,mine,brine,1.427998745
2069,EU,mine,brine,1.359998805
2070,EU,mine,brine,1.295236957
2071,EU,mine,brine,1.233559006
2072,EU,mine,brine,1.174818101
2073,EU,mine,brine,1.118874382
2074,EU,mine,brine,1.06559465
2075,EU,mine,brine,1.014852047
2076,EU,mine,brine,0.966525759
2077,EU,mine,brine,0.920500723
2078,EU,mine,brine,0.876667355
2079,EU,mine,brine,0.834921291
2080,EU,mine,brine,0.795163134
2081,EU,mine,brine,0.757298223
2082,EU,mine,brine,0.721236403
2083,EU,mine,brine,0.686891812
2084,EU,mine,brine,0.654182678
2085,EU,mine,brine,0.623031122
2086,EU,mine,brine,0.593362974
2087,EU,mine,brine,0.565107594
2088,EU,mine,brine,0.538197708
2089,EU,mine,brine,0.512569246
2090,EU,mine,brine,0.488161187
2091,EU,mine,brine,0.464915416
2092,EU,mine,brine,0.442776587
2093,EU,mine,brine,0.421691987
2094,EU,mine,brine,0.401611416
2095,EU,mine,brine,0.382487063
2096,EU,mine,brine,0.364273394
2097,EU,mine,brine,0.346927042
2098,EU,mine,brine,0.330406706
2099,EU,mine,brine,0.314673054
2100,EU,mine,brine,0.299688622
2020,EU,mine,spod,100
2021,EU,mine,spod,12.87809524
2022,EU,mine,spod,12.26485261
2023,EU,mine,spod,11.68081201
2024,EU,mine,spod,11.12458286
2025,EU,mine,spod,10.59484082
2026,EU,mine,spod,10.09032459
2027,EU,mine,spod,9.609832946
2028,EU,mine,spod,9.152221853
2029,EU,mine,spod,8.716401765
2030,EU,mine,spod,8.301335014
2031,EU,mine,spod,7.906033347
2032,EU,mine,spod,7.529555569
2033,EU,mine,spod,7.171005303
2034,EU,mine,spod,6.82952886
2035,EU,mine,spod,6.5043132
2036,EU,mine,spod,6.194584
2037,EU,mine,spod,5.89960381
2038,EU,mine,spod,5.618670295
2039,EU,mine,spod,5.351114567
2040,EU,mine,spod,5.096299587
2041,EU,mine,spod,4.853618655
2042,EU,mine,spod,4.622493957
2043,EU,mine,spod,4.402375197
2044,EU,mine,spod,4.192738283
2045,EU,mine,spod,3.993084079
2046,EU,mine,spod,3.802937218
2047,EU,mine,spod,3.62184497
2048,EU,mine,spod,3.449376161
2049,EU,mine,spod,3.285120154
2050,EU,mine,spod,3.128685861
2051,EU,mine,spod,2.97970082
2052,EU,mine,spod,2.837810305
2053,EU,mine,spod,2.70267648
2054,EU,mine,spod,2.5739776
2055,EU,mine,spod,2.451407239
2056,EU,mine,spod,2.334673561
2057,EU,mine,spod,2.223498629
2058,EU,mine,spod,2.117617742
2059,EU,mine,spod,2.016778802
2060,EU,mine,spod,1.920741716
2061,EU,mine,spod,1.829277825
2062,EU,mine,spod,1.742169357
2063,EU,mine,spod,1.659208911
2064,EU,mine,spod,1.580198963
2065,EU,mine,spod,1.504951394
2066,EU,mine,spod,1.433287041
2067,EU,mine,spod,1.365035278
2068,EU,mine,spod,1.300033598
2069,EU,mine,spod,1.238127236
2070,EU,mine,spod,1.179168796
2071,EU,mine,spod,1.123017901
2072,EU,mine,spod,1.069540858
2073,EU,mine,spod,1.018610341
2074,EU,mine,spod,0.970105087
2075,EU,mine,spod,0.923909606
2076,EU,mine,spod,0.879913911
2077,EU,mine,spod,0.838013248
2078,EU,mine,spod,0.798107856
2079,EU,mine,spod,0.76010272
2080,EU,mine,spod,0.723907352
2081,EU,mine,spod,0.689435573
2082,EU,mine,spod,0.656605308
2083,EU,mine,spod,0.625338389
2084,EU,mine,spod,0.59556037
2085,EU,mine,spod,0.567200352
2086,EU,mine,spod,0.540190812
2087,EU,mine,spod,0.51446744
2088,EU,mine,spod,0.48996899
2089,EU,mine,spod,0.466637134
2090,EU,mine,spod,0.444416318
2091,EU,mine,spod,0.423253636
2092,EU,mine,spod,0.403098701
2093,EU,mine,spod,0.383903525
2094,EU,mine,spod,0.365622404
2095,EU,mine,spod,0.348211814
2096,EU,mine,spod,0.331630299
2097,EU,mine,spod,0.31583838
2098,EU,mine,spod,0.300798457
2099,EU,mine,spod,0.286474721
2100,EU,mine,spod,0.272833068
2020,EU,mine,clay,100
2021,EU,mine,clay,8.872380952
2022,EU,mine,clay,8.449886621
2023,EU,mine,clay,8.047511068
2024,EU,mine,clay,7.664296255
2025,EU,mine,clay,7.299329767
2026,EU,mine,clay,6.951742635
2027,EU,mine,clay,6.620707271
2028,EU,mine,clay,6.305435497
2029,EU,mine,clay,6.005176663
2030,EU,mine,clay,5.71921587
2031,EU,mine,clay,5.446872257
2032,EU,mine,clay,5.187497388
2033,EU,mine,clay,4.940473703
2034,EU,mine,clay,4.70521305
2035,EU,mine,clay,4.481155286
2036,EU,mine,clay,4.267766939
2037,EU,mine,clay,4.064539942
2038,EU,mine,clay,3.870990421
2039,EU,mine,clay,3.686657544
2040,EU,mine,clay,3.511102422
2041,EU,mine,clay,3.343907069
2042,EU,mine,clay,3.184673399
2043,EU,mine,clay,3.033022285
2044,EU,mine,clay,2.888592652
2045,EU,mine,clay,2.751040621
2046,EU,mine,clay,2.620038687
2047,EU,mine,clay,2.49527494
2048,EU,mine,clay,2.376452324
2049,EU,mine,clay,2.263287927
2050,EU,mine,clay,2.155512312
2051,EU,mine,clay,2.052868868
2052,EU,mine,clay,1.955113208
2053,EU,mine,clay,1.862012579
2054,EU,mine,clay,1.773345313
2055,EU,mine,clay,1.688900298
2056,EU,mine,clay,1.608476475
2057,EU,mine,clay,1.531882357
2058,EU,mine,clay,1.458935578
2059,EU,mine,clay,1.389462455
2060,EU,mine,clay,1.323297576
2061,EU,mine,clay,1.260283406
2062,EU,mine,clay,1.20026991
2063,EU,mine,clay,1.1431142
2064,EU,mine,clay,1.088680191
2065,EU,mine,clay,1.036838277
2066,EU,mine,clay,0.987465026
2067,EU,mine,clay,0.940442882
2068,EU,mine,clay,0.895659887
2069,EU,mine,clay,0.853009416
2070,EU,mine,clay,0.81238992
2071,EU,mine,clay,0.773704686
2072,EU,mine,clay,0.736861606
2073,EU,mine,clay,0.701772958
2074,EU,mine,clay,0.668355198
2075,EU,mine,clay,0.63652876
2076,EU,mine,clay,0.606217867
2077,EU,mine,clay,0.577350349
2078,EU,mine,clay,0.549857475
2079,EU,mine,clay,0.523673786
2080,EU,mine,clay,0.498736939
2081,EU,mine,clay,0.474987561
2082,EU,mine,clay,0.452369106
2083,EU,mine,clay,0.43082772
2084,EU,mine,clay,0.410312114
2085,EU,mine,clay,0.390773442
2086,EU,mine,clay,0.372165183
2087,EU,mine,clay,0.354443031
2088,EU,mine,clay,0.337564792
2089,EU,mine,clay,0.321490278
2090,EU,mine,clay,0.306181217
2091,EU,mine,clay,0.291601159
2092,EU,mine,clay,0.27771539
2093,EU,mine,clay,0.264490847
2094,EU,mine,clay,0.251896045
2095,EU,mine,clay,0.239900995
2096,EU,mine,clay,0.228477138
2097,EU,mine,clay,0.217597275
2098,EU,mine,clay,0.2072355
2099,EU,mine,clay,0.197367142
2100,EU,mine,clay,0.187968707
2020,EE,mine,brine,100
2021,EE,mine,brine,14.14571429
2022,EE,mine,brine,13.47210884
2023,EE,mine,brine,12.83057985
2024,EE,mine,brine,12.21959986
2025,EE,mine,brine,11.63771415
2026,EE,mine,brine,11.08353729
2027,EE,mine,brine,10.5557498
2028,EE,mine,brine,10.05309504
2029,EE,mine,brine,9.574376233
2030,EE,mine,brine,9.118453555
2031,EE,mine,brine,8.684241481
2032,EE,mine,brine,8.270706172
2033,EE,mine,brine,7.876863021
2034,EE,mine,brine,7.501774306
2035,EE,mine,brine,7.144546958
2036,EE,mine,brine,6.804330436
2037,EE,mine,brine,6.480314701
2038,EE,mine,brine,6.171728287
2039,EE,mine,brine,5.877836464
2040,EE,mine,brine,5.597939489
2041,EE,mine,brine,5.331370942
2042,EE,mine,brine,5.077496135
2043,EE,mine,brine,4.835710605
2044,EE,mine,brine,4.605438671
2045,EE,mine,brine,4.386132068
2046,EE,mine,brine,4.177268636
2047,EE,mine,brine,3.978351082
2048,EE,mine,brine,3.788905792
2049,EE,mine,brine,3.608481707
2050,EE,mine,brine,3.436649245
2051,EE,mine,brine,3.272999281
2052,EE,mine,brine,3.117142172
2053,EE,mine,brine,2.968706831
2054,EE,mine,brine,2.827339839
2055,EE,mine,brine,2.692704608
2056,EE,mine,brine,2.564480579
2057,EE,mine,brine,2.442362457
2058,EE,mine,brine,2.326059482
2059,EE,mine,brine,2.215294745
2060,EE,mine,brine,2.109804519
2061,EE,mine,brine,2.009337637
2062,EE,mine,brine,1.913654893
2063,EE,mine,brine,1.822528469
2064,EE,mine,brine,1.735741399
2065,EE,mine,brine,1.653087047
2066,EE,mine,brine,1.574368616
2067,EE,mine,brine,1.499398682
2068,EE,mine,brine,1.427998745
2069,EE,mine,brine,1.359998805
2070,EE,mine,brine,1.295236957
2071,EE,mine,brine,1.233559006
2072,EE,mine,brine,1.174818101
2073,EE,mine,brine,1.118874382
2074,EE,mine,brine,1.06559465
2075,EE,mine,brine,1.014852047
2076,EE,mine,brine,0.966525759
2077,EE,mine,brine,0.920500723
2078,EE,mine,brine,0.876667355
2079,EE,mine,brine,0.834921291
2080,EE,mine,brine,0.795163134
2081,EE,mine,brine,0.757298223
2082,EE,mine,brine,0.721236403
2083,EE,mine,brine,0.686891812
2084,EE,mine,brine,0.654182678
2085,EE,mine,brine,0.623031122
2086,EE,mine,brine,0.593362974
2087,EE,mine,brine,0.565107594
2088,EE,mine,brine,0.538197708
2089,EE,mine,brine,0.512569246
2090,EE,mine,brine,0.488161187
2091,EE,mine,brine,0.464915416
2092,EE,mine,brine,0.442776587
2093,EE,mine,brine,0.421691987
2094,EE,mine,brine,0.401611416
2095,EE,mine,brine,0.382487063
2096,EE,mine,brine,0.364273394
2097,EE,mine,brine,0.346927042
2098,EE,mine,brine,0.330406706
2099,EE,mine,brine,0.314673054
2100,EE,mine,brine,0.299688622
2020,EE,mine,spod,100
2021,EE,mine,spod,12.87809524
2022,EE,mine,spod,12.26485261
2023,EE,mine,spod,11.68081201
2024,EE,mine,spod,11.12458286
2025,EE,mine,spod,10.59484082
2026,EE,mine,spod,10.09032459
2027,EE,mine,spod,9.609832946
2028,EE,mine,spod,9.152221853
2029,EE,mine,spod,8.716401765
2030,EE,mine,spod,8.301335014
2031,EE,mine,spod,7.906033347
2032,EE,mine,spod,7.529555569
2033,EE,mine,spod,7.171005303
2034,EE,mine,spod,6.82952886
2035,EE,mine,spod,6.5043132
2036,EE,mine,spod,6.194584
2037,EE,mine,spod,5.89960381
2038,EE,mine,spod,5.618670295
2039,EE,mine,spod,5.351114567
2040,EE,mine,spod,5.096299587
2041,EE,mine,spod,4.853618655
2042,EE,mine,spod,4.622493957
2043,EE,mine,spod,4.402375197
2044,EE,mine,spod,4.192738283
2045,EE,mine,spod,3.993084079
2046,EE,mine,spod,3.802937218
2047,EE,mine,spod,3.62184497
2048,EE,mine,spod,3.449376161
2049,EE,mine,spod,3.285120154
2050,EE,mine,spod,3.128685861
2051,EE,mine,spod,2.97970082
2052,EE,mine,spod,2.837810305
2053,EE,mine,spod,2.70267648
2054,EE,mine,spod,2.5739776
2055,EE,mine,spod,2.451407239
2056,EE,mine,spod,2.334673561
2057,EE,mine,spod,2.223498629
2058,EE,mine,spod,2.117617742
2059,EE,mine,spod,2.016778802
2060,EE,mine,spod,1.920741716
2061,EE,mine,spod,1.829277825
2062,EE,mine,spod,1.742169357
2063,EE,mine,spod,1.659208911
2064,EE,mine,spod,1.580198963
2065,EE,mine,spod,1.504951394
2066,EE,mine,spod,1.433287041
2067,EE,mine,spod,1.365035278
2068,EE,mine,spod,1.300033598
2069,EE,mine,spod,1.238127236
2070,EE,mine,spod,1.179168796
2071,EE,mine,spod,1.123017901
2072,EE,mine,spod,1.069540858
2073,EE,mine,spod,1.018610341
2074,EE,mine,spod,0.970105087
2075,EE,mine,spod,0.923909606
2076,EE,mine,spod,0.879913911
2077,EE,mine,spod,0.838013248
2078,EE,mine,spod,0.798107856
2079,EE,mine,spod,0.76010272
2080,EE,mine,spod,0.723907352
2081,EE,mine,spod,0.689435573
2082,EE,mine,spod,0.656605308
2083,EE,mine,spod,0.625338389
2084,EE,mine,spod,0.59556037
2085,EE,mine,spod,0.567200352
2086,EE,mine,spod,0.540190812
2087,EE,mine,spod,0.51446744
2088,EE,mine,spod,0.48996899
2089,EE,mine,spod,0.466637134
2090,EE,mine,spod,0.444416318
2091,EE,mine,spod,0.423253636
2092,EE,mine,spod,0.403098701
2093,EE,mine,spod,0.383903525
2094,EE,mine,spod,0.365622404
2095,EE,mine,spod,0.348211814
2096,EE,mine,spod,0.331630299
2097,EE,mine,spod,0.31583838
2098,EE,mine,spod,0.300798457
2099,EE,mine,spod,0.286474721
2100,EE,mine,spod,0.272833068
2020,EE,mine,clay,100
2021,EE,mine,clay,8.872380952
2022,EE,mine,clay,8.449886621
2023,EE,mine,clay,8.047511068
2024,EE,mine,clay,7.664296255
2025,EE,mine,clay,7.299329767
2026,EE,mine,clay,6.951742635
2027,EE,mine,clay,6.620707271
2028,EE,mine,clay,6.305435497
2029,EE,mine,clay,6.005176663
2030,EE,mine,clay,5.71921587
2031,EE,mine,clay,5.446872257
2032,EE,mine,clay,5.187497388
2033,EE,mine,clay,4.940473703
2034,EE,mine,clay,4.70521305
2035,EE,mine,clay,4.481155286
2036,EE,mine,clay,4.267766939
2037,EE,mine,clay,4.064539942
2038,EE,mine,clay,3.870990421
2039,EE,mine,clay,3.686657544
2040,EE,mine,clay,3.511102422
2041,EE,mine,clay,3.343907069
2042,EE,mine,clay,3.184673399
2043,EE,mine,clay,3.033022285
2044,EE,mine,clay,2.888592652
2045,EE,mine,clay,2.751040621
2046,EE,mine,clay,2.620038687
2047,EE,mine,clay,2.49527494
2048,EE,mine,clay,2.376452324
2049,EE,mine,clay,2.263287927
2050,EE,mine,clay,2.155512312
2051,EE,mine,clay,2.052868868
2052,EE,mine,clay,1.955113208
2053,EE,mine,clay,1.862012579
2054,EE,mine,clay,1.773345313
2055,EE,mine,clay,1.688900298
2056,EE,mine,clay,1.608476475
2057,EE,mine,clay,1.531882357
2058,EE,mine,clay,1.458935578
2059,EE,mine,clay,1.389462455
2060,EE,mine,clay,1.323297576
2061,EE,mine,clay,1.260283406
2062,EE,mine,clay,1.20026991
2063,EE,mine,clay,1.1431142
2064,EE,mine,clay,1.088680191
2065,EE,mine,clay,1.036838277
2066,EE,mine,clay,0.987465026
2067,EE,mine,clay,0.940442882
2068,EE,mine,clay,0.895659887
2069,EE,mine,clay,0.853009416
2070,EE,mine,clay,0.81238992
2071,EE,mine,clay,0.773704686
2072,EE,mine,clay,0.736861606
2073,EE,mine,clay,0.701772958
2074,EE,mine,clay,0.668355198
2075,EE,mine,clay,0.63652876
2076,EE,mine,clay,0.606217867
2077,EE,mine,clay,0.577350349
2078,EE,mine,clay,0.549857475
2079,EE,mine,clay,0.523673786
2080,EE,mine,clay,0.498736939
2081,EE,mine,clay,0.474987561
2082,EE,mine,clay,0.452369106
2083,EE,mine,clay,0.43082772
2084,EE,mine,clay,0.410312114
2085,EE,mine,clay,0.390773442
2086,EE,mine,clay,0.372165183
2087,EE,mine,clay,0.354443031
2088,EE,mine,clay,0.337564792
2089,EE,mine,clay,0.321490278
2090,EE,mine,clay,0.306181217
2091,EE,mine,clay,0.291601159
2092,EE,mine,clay,0.27771539
2093,EE,mine,clay,0.264490847
2094,EE,mine,clay,0.251896045
2095,EE,mine,clay,0.239900995
2096,EE,mine,clay,0.228477138
2097,EE,mine,clay,0.217597275
2098,EE,mine,clay,0.2072355
2099,EE,mine,clay,0.197367142
2100,EE,mine,clay,0.187968707
2020,CSA,mine,brine,100
2021,CSA,mine,brine,14.14571429
2022,CSA,mine,brine,13.47210884
2023,CSA,mine,brine,12.83057985
2024,CSA,mine,brine,12.21959986
2025,CSA,mine,brine,11.63771415
2026,CSA,mine,brine,11.08353729
2027,CSA,mine,brine,10.5557498
2028,CSA,mine,brine,10.05309504
2029,CSA,mine,brine,9.574376233
2030,CSA,mine,brine,9.118453555
2031,CSA,mine,brine,8.684241481
2032,CSA,mine,brine,8.270706172
2033,CSA,mine,brine,7.876863021
2034,CSA,mine,brine,7.501774306
2035,CSA,mine,brine,7.144546958
2036,CSA,mine,brine,6.804330436
2037,CSA,mine,brine,6.480314701
2038,CSA,mine,brine,6.171728287
2039,CSA,mine,brine,5.877836464
2040,CSA,mine,brine,5.597939489
2041,CSA,mine,brine,5.331370942
2042,CSA,mine,brine,5.077496135
2043,CSA,mine,brine,4.835710605
2044,CSA,mine,brine,4.605438671
2045,CSA,mine,brine,4.386132068
2046,CSA,mine,brine,4.177268636
2047,CSA,mine,brine,3.978351082
2048,CSA,mine,brine,3.788905792
2049,CSA,mine,brine,3.608481707
2050,CSA,mine,brine,3.436649245
2051,CSA,mine,brine,3.272999281
2052,CSA,mine,brine,3.117142172
2053,CSA,mine,brine,2.968706831
2054,CSA,mine,brine,2.827339839
2055,CSA,mine,brine,2.692704608
2056,CSA,mine,brine,2.564480579
2057,CSA,mine,brine,2.442362457
2058,CSA,mine,brine,2.326059482
2059,CSA,mine,brine,2.215294745
2060,CSA,mine,brine,2.109804519
2061,CSA,mine,brine,2.009337637
2062,CSA,mine,brine,1.913654893
2063,CSA,mine,brine,1.822528469
2064,CSA,mine,brine,1.735741399
2065,CSA,mine,brine,1.653087047
2066,CSA,mine,brine,1.574368616
2067,CSA,mine,brine,1.499398682
2068,CSA,mine,brine,1.427998745
2069,CSA,mine,brine,1.359998805
2070,CSA,mine,brine,1.295236957
2071,CSA,mine,brine,1.233559006
2072,CSA,mine,brine,1.174818101
2073,CSA,mine,brine,1.118874382
2074,CSA,mine,brine,1.06559465
2075,CSA,mine,brine,1.014852047
2076,CSA,mine,brine,0.966525759
2077,CSA,mine,brine,0.920500723
2078,CSA,mine,brine,0.876667355
2079,CSA,mine,brine,0.834921291
2080,CSA,mine,brine,0.795163134
2081,CSA,mine,brine,0.757298223
2082,CSA,mine,brine,0.721236403
2083,CSA,mine,brine,0.686891812
2084,CSA,mine,brine,0.654182678
2085,CSA,mine,brine,0.623031122
2086,CSA,mine,brine,0.593362974
2087,CSA,mine,brine,0.565107594
2088,CSA,mine,brine,0.538197708
2089,CSA,mine,brine,0.512569246
2090,CSA,mine,brine,0.488161187
2091,CSA,mine,brine,0.464915416
2092,CSA,mine,brine,0.442776587
2093,CSA,mine,brine,0.421691987
2094,CSA,mine,brine,0.401611416
2095,CSA,mine,brine,0.382487063
2096,CSA,mine,brine,0.364273394
2097,CSA,mine,brine,0.346927042
2098,CSA,mine,brine,0.330406706
2099,CSA,mine,brine,0.314673054
2100,CSA,mine,brine,0.299688622
2020,CSA,mine,spod,100
2021,CSA,mine,spod,12.87809524
2022,CSA,mine,spod,12.26485261
2023,CSA,mine,spod,11.68081201
2024,CSA,mine,spod,11.12458286
2025,CSA,mine,spod,10.59484082
2026,CSA,mine,spod,10.09032459
2027,CSA,mine,spod,9.609832946
2028,CSA,mine,spod,9.152221853
2029,CSA,mine,spod,8.716401765
2030,CSA,mine,spod,8.301335014
2031,CSA,mine,spod,7.906033347
2032,CSA,mine,spod,7.529555569
2033,CSA,mine,spod,7.171005303
2034,CSA,mine,spod,6.82952886
2035,CSA,mine,spod,6.5043132
2036,CSA,mine,spod,6.194584
2037,CSA,mine,spod,5.89960381
2038,CSA,mine,spod,5.618670295
2039,CSA,mine,spod,5.351114567
2040,CSA,mine,spod,5.096299587
2041,CSA,mine,spod,4.853618655
2042,CSA,mine,spod,4.622493957
2043,CSA,mine,spod,4.402375197
2044,CSA,mine,spod,4.192738283
2045,CSA,mine,spod,3.993084079
2046,CSA,mine,spod,3.802937218
2047,CSA,mine,spod,3.62184497
2048,CSA,mine,spod,3.449376161
2049,CSA,mine,spod,3.285120154
2050,CSA,mine,spod,3.128685861
2051,CSA,mine,spod,2.97970082
2052,CSA,mine,spod,2.837810305
2053,CSA,mine,spod,2.70267648
2054,CSA,mine,spod,2.5739776
2055,CSA,mine,spod,2.451407239
2056,CSA,mine,spod,2.334673561
2057,CSA,mine,spod,2.223498629
2058,CSA,mine,spod,2.117617742
2059,CSA,mine,spod,2.016778802
2060,CSA,mine,spod,1.920741716
2061,CSA,mine,spod,1.829277825
2062,CSA,mine,spod,1.742169357
2063,CSA,mine,spod,1.659208911
2064,CSA,mine,spod,1.580198963
2065,CSA,mine,spod,1.504951394
2066,CSA,mine,spod,1.433287041
2067,CSA,mine,spod,1.365035278
2068,CSA,mine,spod,1.300033598
2069,CSA,mine,spod,1.238127236
2070,CSA,mine,spod,1.179168796
2071,CSA,mine,spod,1.123017901
2072,CSA,mine,spod,1.069540858
2073,CSA,mine,spod,1.018610341
2074,CSA,mine,spod,0.970105087
2075,CSA,mine,spod,0.923909606
2076,CSA,mine,spod,0.879913911
2077,CSA,mine,spod,0.838013248
2078,CSA,mine,spod,0.798107856
2079,CSA,mine,spod,0.76010272
2080,CSA,mine,spod,0.723907352
2081,CSA,mine,spod,0.689435573
2082,CSA,mine,spod,0.656605308
2083,CSA,mine,spod,0.625338389
2084,CSA,mine,spod,0.59556037
2085,CSA,mine,spod,0.567200352
2086,CSA,mine,spod,0.540190812
2087,CSA,mine,spod,0.51446744
2088,CSA,mine,spod,0.48996899
2089,CSA,mine,spod,0.466637134
2090,CSA,mine,spod,0.444416318
2091,CSA,mine,spod,0.423253636
2092,CSA,mine,spod,0.403098701
2093,CSA,mine,spod,0.383903525
2094,CSA,mine,spod,0.365622404
2095,CSA,mine,spod,0.348211814
2096,CSA,mine,spod,0.331630299
2097,CSA,mine,spod,0.31583838
2098,CSA,mine,spod,0.300798457
2099,CSA,mine,spod,0.286474721
2100,CSA,mine,spod,0.272833068
2020,CSA,mine,clay,100
2021,CSA,mine,clay,8.872380952
2022,CSA,mine,clay,8.449886621
2023,CSA,mine,clay,8.047511068
2024,CSA,mine,clay,7.664296255
2025,CSA,mine,clay,7.299329767
2026,CSA,mine,clay,6.951742635
2027,CSA,mine,clay,6.620707271
2028,CSA,mine,clay,6.305435497
2029,CSA,mine,clay,6.005176663
2030,CSA,mine,clay,5.71921587
2031,CSA,mine,clay,5.446872257
2032,CSA,mine,clay,5.187497388
2033,CSA,mine,clay,4.940473703
2034,CSA,mine,clay,4.70521305
2035,CSA,mine,clay,4.481155286
2036,CSA,mine,clay,4.267766939
2037,CSA,mine,clay,4.064539942
2038,CSA,mine,clay,3.870990421
2039,CSA,mine,clay,3.686657544
2040,CSA,mine,clay,3.511102422
2041,CSA,mine,clay,3.343907069
2042,CSA,mine,clay,3.184673399
2043,CSA,mine,clay,3.033022285
2044,CSA,mine,clay,2.888592652
2045,CSA,mine,clay,2.751040621
2046,CSA,mine,clay,2.620038687
2047,CSA,mine,clay,2.49527494
2048,CSA,mine,clay,2.376452324
2049,CSA,mine,clay,2.263287927
2050,CSA,mine,clay,2.155512312
2051,CSA,mine,clay,2.052868868
2052,CSA,mine,clay,1.955113208
2053,CSA,mine,clay,1.862012579
2054,CSA,mine,clay,1.773345313
2055,CSA,mine,clay,1.688900298
2056,CSA,mine,clay,1.608476475
2057,CSA,mine,clay,1.531882357
2058,CSA,mine,clay,1.458935578
2059,CSA,mine,clay,1.389462455
2060,CSA,mine,clay,1.323297576
2061,CSA,mine,clay,1.260283406
2062,CSA,mine,clay,1.20026991
2063,CSA,mine,clay,1.1431142
2064,CSA,mine,clay,1.088680191
2065,CSA,mine,clay,1.036838277
2066,CSA,mine,clay,0.987465026
2067,CSA,mine,clay,0.940442882
2068,CSA,mine,clay,0.895659887
2069,CSA,mine,clay,0.853009416
2070,CSA,mine,clay,0.81238992
2071,CSA,mine,clay,0.773704686
2072,CSA,mine,clay,0.736861606
2073,CSA,mine,clay,0.701772958
2074,CSA,mine,clay,0.668355198
2075,CSA,mine,clay,0.63652876
2076,CSA,mine,clay,0.606217867
2077,CSA,mine,clay,0.577350349
2078,CSA,mine,clay,0.549857475
2079,CSA,mine,clay,0.523673786
2080,CSA,mine,clay,0.498736939
2081,CSA,mine,clay,0.474987561
2082,CSA,mine,clay,0.452369106
2083,CSA,mine,clay,0.43082772
2084,CSA,mine,clay,0.410312114
2085,CSA,mine,clay,0.390773442
2086,CSA,mine,clay,0.372165183
2087,CSA,mine,clay,0.354443031
2088,CSA,mine,clay,0.337564792
2089,CSA,mine,clay,0.321490278
2090,CSA,mine,clay,0.306181217
2091,CSA,mine,clay,0.291601159
2092,CSA,mine,clay,0.27771539
2093,CSA,mine,clay,0.264490847
2094,CSA,mine,clay,0.251896045
2095,CSA,mine,clay,0.239900995
2096,CSA,mine,clay,0.228477138
2097,CSA,mine,clay,0.217597275
2098,CSA,mine,clay,0.2072355
2099,CSA,mine,clay,0.197367142
2100,CSA,mine,clay,0.187968707
2020,CHN,mine,brine,100
2021,CHN,mine,brine,14.14571429
2022,CHN,mine,brine,13.47210884
2023,CHN,mine,brine,12.83057985
2024,CHN,mine,brine,12.21959986
2025,CHN,mine,brine,11.63771415
2026,CHN,mine,brine,11.08353729
2027,CHN,mine,brine,10.5557498
2028,CHN,mine,brine,10.05309504
2029,CHN,mine,brine,9.574376233
2030,CHN,mine,brine,9.118453555
2031,CHN,mine,brine,8.684241481
2032,CHN,mine,brine,8.270706172
2033,CHN,mine,brine,7.876863021
2034,CHN,mine,brine,7.501774306
2035,CHN,mine,brine,7.144546958
2036,CHN,mine,brine,6.804330436
2037,CHN,mine,brine,6.480314701
2038,CHN,mine,brine,6.171728287
2039,CHN,mine,brine,5.877836464
2040,CHN,mine,brine,5.597939489
2041,CHN,mine,brine,5.331370942
2042,CHN,mine,brine,5.077496135
2043,CHN,mine,brine,4.835710605
2044,CHN,mine,brine,4.605438671
2045,CHN,mine,brine,4.386132068
2046,CHN,mine,brine,4.177268636
2047,CHN,mine,brine,3.978351082
2048,CHN,mine,brine,3.788905792
2049,CHN,mine,brine,3.608481707
2050,CHN,mine,brine,3.436649245
2051,CHN,mine,brine,3.272999281
2052,CHN,mine,brine,3.117142172
2053,CHN,mine,brine,2.968706831
2054,CHN,mine,brine,2.827339839
2055,CHN,mine,brine,2.692704608
2056,CHN,mine,brine,2.564480579
2057,CHN,mine,brine,2.442362457
2058,CHN,mine,brine,2.326059482
2059,CHN,mine,brine,2.215294745
2060,CHN,mine,brine,2.109804519
2061,CHN,mine,brine,2.009337637
2062,CHN,mine,brine,1.913654893
2063,CHN,mine,brine,1.822528469
2064,CHN,mine,brine,1.735741399
2065,CHN,mine,brine,1.653087047
2066,CHN,mine,brine,1.574368616
2067,CHN,mine,brine,1.499398682
2068,CHN,mine,brine,1.427998745
2069,CHN,mine,brine,1.359998805
2070,CHN,mine,brine,1.295236957
2071,CHN,mine,brine,1.233559006
2072,CHN,mine,brine,1.174818101
2073,CHN,mine,brine,1.118874382
2074,CHN,mine,brine,1.06559465
2075,CHN,mine,brine,1.014852047
2076,CHN,mine,brine,0.966525759
2077,CHN,mine,brine,0.920500723
2078,CHN,mine,brine,0.876667355
2079,CHN,mine,brine,0.834921291
2080,CHN,mine,brine,0.795163134
2081,CHN,mine,brine,0.757298223
2082,CHN,mine,brine,0.721236403
2083,CHN,mine,brine,0.686891812
2084,CHN,mine,brine,0.654182678
2085,CHN,mine,brine,0.623031122
2086,CHN,mine,brine,0.593362974
2087,CHN,mine,brine,0.565107594
2088,CHN,mine,brine,0.538197708
2089,CHN,mine,brine,0.512569246
2090,CHN,mine,brine,0.488161187
2091,CHN,mine,brine,0.464915416
2092,CHN,mine,brine,0.442776587
2093,CHN,mine,brine,0.421691987
2094,CHN,mine,brine,0.401611416
2095,CHN,mine,brine,0.382487063
2096,CHN,mine,brine,0.364273394
2097,CHN,mine,brine,0.346927042
2098,CHN,mine,brine,0.330406706
2099,CHN,mine,brine,0.314673054
2100,CHN,mine,brine,0.299688622
2020,CHN,mine,spod,100
2021,CHN,mine,spod,12.87809524
2022,CHN,mine,spod,12.26485261
2023,CHN,mine,spod,11.68081201
2024,CHN,mine,spod,11.12458286
2025,CHN,mine,spod,10.59484082
2026,CHN,mine,spod,10.09032459
2027,CHN,mine,spod,9.609832946
2028,CHN,mine,spod,9.152221853
2029,CHN,mine,spod,8.716401765
2030,CHN,mine,spod,8.301335014
2031,CHN,mine,spod,7.906033347
2032,CHN,mine,spod,7.529555569
2033,CHN,mine,spod,7.171005303
2034,CHN,mine,spod,6.82952886
2035,CHN,mine,spod,6.5043132
2036,CHN,mine,spod,6.194584
2037,CHN,mine,spod,5.89960381
2038,CHN,mine,spod,5.618670295
2039,CHN,mine,spod,5.351114567
2040,CHN,mine,spod,5.096299587
2041,CHN,mine,spod,4.853618655
2042,CHN,mine,spod,4.622493957
2043,CHN,mine,spod,4.402375197
2044,CHN,mine,spod,4.192738283
2045,CHN,mine,spod,3.993084079
2046,CHN,mine,spod,3.802937218
2047,CHN,mine,spod,3.62184497
2048,CHN,mine,spod,3.449376161
2049,CHN,mine,spod,3.285120154
2050,CHN,mine,spod,3.128685861
2051,CHN,mine,spod,2.97970082
2052,CHN,mine,spod,2.837810305
2053,CHN,mine,spod,2.70267648
2054,CHN,mine,spod,2.5739776
2055,CHN,mine,spod,2.451407239
2056,CHN,mine,spod,2.334673561
2057,CHN,mine,spod,2.223498629
2058,CHN,mine,spod,2.117617742
2059,CHN,mine,spod,2.016778802
2060,CHN,mine,spod,1.920741716
2061,CHN,mine,spod,1.829277825
2062,CHN,mine,spod,1.742169357
2063,CHN,mine,spod,1.659208911
2064,CHN,mine,spod,1.580198963
2065,CHN,mine,spod,1.504951394
2066,CHN,mine,spod,1.433287041
2067,CHN,mine,spod,1.365035278
2068,CHN,mine,spod,1.300033598
2069,CHN,mine,spod,1.238127236
2070,CHN,mine,spod,1.179168796
2071,CHN,mine,spod,1.123017901
2072,CHN,mine,spod,1.069540858
2073,CHN,mine,spod,1.018610341
2074,CHN,mine,spod,0.970105087
2075,CHN,mine,spod,0.923909606
2076,CHN,mine,spod,0.879913911
2077,CHN,mine,spod,0.838013248
2078,CHN,mine,spod,0.798107856
2079,CHN,mine,spod,0.76010272
2080,CHN,mine,spod,0.723907352
2081,CHN,mine,spod,0.689435573
2082,CHN,mine,spod,0.656605308
2083,CHN,mine,spod,0.625338389
2084,CHN,mine,spod,0.59556037
2085,CHN,mine,spod,0.567200352
2086,CHN,mine,spod,0.540190812
2087,CHN,mine,spod,0.51446744
2088,CHN,mine,spod,0.48996899
2089,CHN,mine,spod,0.466637134
2090,CHN,mine,spod,0.444416318
2091,CHN,mine,spod,0.423253636
2092,CHN,mine,spod,0.403098701
2093,CHN,mine,spod,0.383903525
2094,CHN,mine,spod,0.365622404
2095,CHN,mine,spod,0.348211814
2096,CHN,mine,spod,0.331630299
2097,CHN,mine,spod,0.31583838
2098,CHN,mine,spod,0.300798457
2099,CHN,mine,spod,0.286474721
2100,CHN,mine,spod,0.272833068
2020,CHN,mine,clay,100
2021,CHN,mine,clay,8.872380952
2022,CHN,mine,clay,8.449886621
2023,CHN,mine,clay,8.047511068
2024,CHN,mine,clay,7.664296255
2025,CHN,mine,clay,7.299329767
2026,CHN,mine,clay,6.951742635
2027,CHN,mine,clay,6.620707271
2028,CHN,mine,clay,6.305435497
2029,CHN,mine,clay,6.005176663
2030,CHN,mine,clay,5.71921587
2031,CHN,mine,clay,5.446872257
2032,CHN,mine,clay,5.187497388
2033,CHN,mine,clay,4.940473703
2034,CHN,mine,clay,4.70521305
2035,CHN,mine,clay,4.481155286
2036,CHN,mine,clay,4.267766939
2037,CHN,mine,clay,4.064539942
2038,CHN,mine,clay,3.870990421
2039,CHN,mine,clay,3.686657544
2040,CHN,mine,clay,3.511102422
2041,CHN,mine,clay,3.343907069
2042,CHN,mine,clay,3.184673399
2043,CHN,mine,clay,3.033022285
2044,CHN,mine,clay,2.888592652
2045,CHN,mine,clay,2.751040621
2046,CHN,mine,clay,2.620038687
2047,CHN,mine,clay,2.49527494
2048,CHN,mine,clay,2.376452324
2049,CHN,mine,clay,2.263287927
2050,CHN,mine,clay,2.155512312
2051,CHN,mine,clay,2.052868868
2052,CHN,mine,clay,1.955113208
2053,CHN,mine,clay,1.862012579
2054,CHN,mine,clay,1.773345313
2055,CHN,mine,clay,1.688900298
2056,CHN,mine,clay,1.608476475
2057,CHN,mine,clay,1.531882357
2058,CHN,mine,clay,1.458935578
2059,CHN,mine,clay,1.389462455
2060,CHN,mine,clay,1.323297576
2061,CHN,mine,clay,1.260283406
2062,CHN,mine,clay,1.20026991
2063,CHN,mine,clay,1.1431142
2064,CHN,mine,clay,1.088680191
2065,CHN,mine,clay,1.036838277
2066,CHN,mine,clay,0.987465026
2067,CHN,mine,clay,0.940442882
2068,CHN,mine,clay,0.895659887
2069,CHN,mine,clay,0.853009416
2070,CHN,mine,clay,0.81238992
2071,CHN,mine,clay,0.773704686
2072,CHN,mine,clay,0.736861606
2073,CHN,mine,clay,0.701772958
2074,CHN,mine,clay,0.668355198
2075,CHN,mine,clay,0.63652876
2076,CHN,mine,clay,0.606217867
2077,CHN,mine,clay,0.577350349
2078,CHN,mine,clay,0.549857475
2079,CHN,mine,clay,0.523673786
2080,CHN,mine,clay,0.498736939
2081,CHN,mine,clay,0.474987561
2082,CHN,mine,clay,0.452369106
2083,CHN,mine,clay,0.43082772
2084,CHN,mine,clay,0.410312114
2085,CHN,mine,clay,0.390773442
2086,CHN,mine,clay,0.372165183
2087,CHN,mine,clay,0.354443031
2088,CHN,mine,clay,0.337564792
2089,CHN,mine,clay,0.321490278
2090,CHN,mine,clay,0.306181217
2091,CHN,mine,clay,0.291601159
2092,CHN,mine,clay,0.27771539
2093,CHN,mine,clay,0.264490847
2094,CHN,mine,clay,0.251896045
2095,CHN,mine,clay,0.239900995
2096,CHN,mine,clay,0.228477138
2097,CHN,mine,clay,0.217597275
2098,CHN,mine,clay,0.2072355
2099,CHN,mine,clay,0.197367142
2100,CHN,mine,clay,0.187968707
2020,EA,mine,brine,100
2021,EA,mine,brine,14.14571429
2022,EA,mine,brine,13.47210884
2023,EA,mine,brine,12.83057985
2024,EA,mine,brine,12.21959986
2025,EA,mine,brine,11.63771415
2026,EA,mine,brine,11.08353729
2027,EA,mine,brine,10.5557498
2028,EA,mine,brine,10.05309504
2029,EA,mine,brine,9.574376233
2030,EA,mine,brine,9.118453555
2031,EA,mine,brine,8.684241481
2032,EA,mine,brine,8.270706172
2033,EA,mine,brine,7.876863021
2034,EA,mine,brine,7.501774306
2035,EA,mine,brine,7.144546958
2036,EA,mine,brine,6.804330436
2037,EA,mine,brine,6.480314701
2038,EA,mine,brine,6.171728287
2039,EA,mine,brine,5.877836464
2040,EA,mine,brine,5.597939489
2041,EA,mine,brine,5.331370942
2042,EA,mine,brine,5.077496135
2043,EA,mine,brine,4.835710605
2044,EA,mine,brine,4.605438671
2045,EA,mine,brine,4.386132068
2046,EA,mine,brine,4.177268636
2047,EA,mine,brine,3.978351082
2048,EA,mine,brine,3.788905792
2049,EA,mine,brine,3.608481707
2050,EA,mine,brine,3.436649245
2051,EA,mine,brine,3.272999281
2052,EA,mine,brine,3.117142172
2053,EA,mine,brine,2.968706831
2054,EA,mine,brine,2.827339839
2055,EA,mine,brine,2.692704608
2056,EA,mine,brine,2.564480579
2057,EA,mine,brine,2.442362457
2058,EA,mine,brine,2.326059482
2059,EA,mine,brine,2.215294745
2060,EA,mine,brine,2.109804519
2061,EA,mine,brine,2.009337637
2062,EA,mine,brine,1.913654893
2063,EA,mine,brine,1.822528469
2064,EA,mine,brine,1.735741399
2065,EA,mine,brine,1.653087047
2066,EA,mine,brine,1.574368616
2067,EA,mine,brine,1.499398682
2068,EA,mine,brine,1.427998745
2069,EA,mine,brine,1.359998805
2070,EA,mine,brine,1.295236957
2071,EA,mine,brine,1.233559006
2072,EA,mine,brine,1.174818101
2073,EA,mine,brine,1.118874382
2074,EA,mine,brine,1.06559465
2075,EA,mine,brine,1.014852047
2076,EA,mine,brine,0.966525759
2077,EA,mine,brine,0.920500723
2078,EA,mine,brine,0.876667355
2079,EA,mine,brine,0.834921291
2080,EA,mine,brine,0.795163134
2081,EA,mine,brine,0.757298223
2082,EA,mine,brine,0.721236403
2083,EA,mine,brine,0.686891812
2084,EA,mine,brine,0.654182678
2085,EA,mine,brine,0.623031122
2086,EA,mine,brine,0.593362974
2087,EA,mine,brine,0.565107594
2088,EA,mine,brine,0.538197708
2089,EA,mine,brine,0.512569246
2090,EA,mine,brine,0.488161187
2091,EA,mine,brine,0.464915416
2092,EA,mine,brine,0.442776587
2093,EA,mine,brine,0.421691987
2094,EA,mine,brine,0.401611416
2095,EA,mine,brine,0.382487063
2096,EA,mine,brine,0.364273394
2097,EA,mine,brine,0.346927042
2098,EA,mine,brine,0.330406706
2099,EA,mine,brine,0.314673054
2100,EA,mine,brine,0.299688622
2020,EA,mine,spod,100
2021,EA,mine,spod,12.87809524
2022,EA,mine,spod,12.26485261
2023,EA,mine,spod,11.68081201
2024,EA,mine,spod,11.12458286
2025,EA,mine,spod,10.59484082
2026,EA,mine,spod,10.09032459
2027,EA,mine,spod,9.609832946
2028,EA,mine,spod,9.152221853
2029,EA,mine,spod,8.716401765
2030,EA,mine,spod,8.301335014
2031,EA,mine,spod,7.906033347
2032,EA,mine,spod,7.529555569
2033,EA,mine,spod,7.171005303
2034,EA,mine,spod,6.82952886
2035,EA,mine,spod,6.5043132
2036,EA,mine,spod,6.194584
2037,EA,mine,spod,5.89960381
2038,EA,mine,spod,5.618670295
2039,EA,mine,spod,5.351114567
2040,EA,mine,spod,5.096299587
2041,EA,mine,spod,4.853618655
2042,EA,mine,spod,4.622493957
2043,EA,mine,spod,4.402375197
2044,EA,mine,spod,4.192738283
2045,EA,mine,spod,3.993084079
2046,EA,mine,spod,3.802937218
2047,EA,mine,spod,3.62184497
2048,EA,mine,spod,3.449376161
2049,EA,mine,spod,3.285120154
2050,EA,mine,spod,3.128685861
2051,EA,mine,spod,2.97970082
2052,EA,mine,spod,2.837810305
2053,EA,mine,spod,2.70267648
2054,EA,mine,spod,2.5739776
2055,EA,mine,spod,2.451407239
2056,EA,mine,spod,2.334673561
2057,EA,mine,spod,2.223498629
2058,EA,mine,spod,2.117617742
2059,EA,mine,spod,2.016778802
2060,EA,mine,spod,1.920741716
2061,EA,mine,spod,1.829277825
2062,EA,mine,spod,1.742169357
2063,EA,mine,spod,1.659208911
2064,EA,mine,spod,1.580198963
2065,EA,mine,spod,1.504951394
2066,EA,mine,spod,1.433287041
2067,EA,mine,spod,1.365035278
2068,EA,mine,spod,1.300033598
2069,EA,mine,spod,1.238127236
2070,EA,mine,spod,1.179168796
2071,EA,mine,spod,1.123017901
2072,EA,mine,spod,1.069540858
2073,EA,mine,spod,1.018610341
2074,EA,mine,spod,0.970105087
2075,EA,mine,spod,0.923909606
2076,EA,mine,spod,0.879913911
2077,EA,mine,spod,0.838013248
2078,EA,mine,spod,0.798107856
2079,EA,mine,spod,0.76010272
2080,EA,mine,spod,0.723907352
2081,EA,mine,spod,0.689435573
2082,EA,mine,spod,0.656605308
2083,EA,mine,spod,0.625338389
2084,EA,mine,spod,0.59556037
2085,EA,mine,spod,0.567200352
2086,EA,mine,spod,0.540190812
2087,EA,mine,spod,0.51446744
2088,EA,mine,spod,0.48996899
2089,EA,mine,spod,0.466637134
2090,EA,mine,spod,0.444416318
2091,EA,mine,spod,0.423253636
2092,EA,mine,spod,0.403098701
2093,EA,mine,spod,0.383903525
2094,EA,mine,spod,0.365622404
2095,EA,mine,spod,0.348211814
2096,EA,mine,spod,0.331630299
2097,EA,mine,spod,0.31583838
2098,EA,mine,spod,0.300798457
2099,EA,mine,spod,0.286474721
2100,EA,mine,spod,0.272833068
2020,EA,mine,clay,100
2021,EA,mine,clay,8.872380952
2022,EA,mine,clay,8.449886621
2023,EA,mine,clay,8.047511068
2024,EA,mine,clay,7.664296255
2025,EA,mine,clay,7.299329767
2026,EA,mine,clay,6.951742635
2027,EA,mine,clay,6.620707271
2028,EA,mine,clay,6.305435497
2029,EA,mine,clay,6.005176663
2030,EA,mine,clay,5.71921587
2031,EA,mine,clay,5.446872257
2032,EA,mine,clay,5.187497388
2033,EA,mine,clay,4.940473703
2034,EA,mine,clay,4.70521305
2035,EA,mine,clay,4.481155286
2036,EA,mine,clay,4.267766939
2037,EA,mine,clay,4.064539942
2038,EA,mine,clay,3.870990421
2039,EA,mine,clay,3.686657544
2040,EA,mine,clay,3.511102422
2041,EA,mine,clay,3.343907069
2042,EA,mine,clay,3.184673399
2043,EA,mine,clay,3.033022285
2044,EA,mine,clay,2.888592652
2045,EA,mine,clay,2.751040621
2046,EA,mine,clay,2.620038687
2047,EA,mine,clay,2.49527494
2048,EA,mine,clay,2.376452324
2049,EA,mine,clay,2.263287927
2050,EA,mine,clay,2.155512312
2051,EA,mine,clay,2.052868868
2052,EA,mine,clay,1.955113208
2053,EA,mine,clay,1.862012579
2054,EA,mine,clay,1.773345313
2055,EA,mine,clay,1.688900298
2056,EA,mine,clay,1.608476475
2057,EA,mine,clay,1.531882357
2058,EA,mine,clay,1.458935578
2059,EA,mine,clay,1.389462455
2060,EA,mine,clay,1.323297576
2061,EA,mine,clay,1.260283406
2062,EA,mine,clay,1.20026991
2063,EA,mine,clay,1.1431142
2064,EA,mine,clay,1.088680191
2065,EA,mine,clay,1.036838277
2066,EA,mine,clay,0.987465026
2067,EA,mine,clay,0.940442882
2068,EA,mine,clay,0.895659887
2069,EA,mine,clay,0.853009416
2070,EA,mine,clay,0.81238992
2071,EA,mine,clay,0.773704686
2072,EA,mine,clay,0.736861606
2073,EA,mine,clay,0.701772958
2074,EA,mine,clay,0.668355198
2075,EA,mine,clay,0.63652876
2076,EA,mine,clay,0.606217867
2077,EA,mine,clay,0.577350349
2078,EA,mine,clay,0.549857475
2079,EA,mine,clay,0.523673786
2080,EA,mine,clay,0.498736939
2081,EA,mine,clay,0.474987561
2082,EA,mine,clay,0.452369106
2083,EA,mine,clay,0.43082772
2084,EA,mine,clay,0.410312114
2085,EA,mine,clay,0.390773442
2086,EA,mine,clay,0.372165183
2087,EA,mine,clay,0.354443031
2088,EA,mine,clay,0.337564792
2089,EA,mine,clay,0.321490278
2090,EA,mine,clay,0.306181217
2091,EA,mine,clay,0.291601159
2092,EA,mine,clay,0.27771539
2093,EA,mine,clay,0.264490847
2094,EA,mine,clay,0.251896045
2095,EA,mine,clay,0.239900995
2096,EA,mine,clay,0.228477138
2097,EA,mine,clay,0.217597275
2098,EA,mine,clay,0.2072355
2099,EA,mine,clay,0.197367142
2100,EA,mine,clay,0.187968707
2020,SEA,mine,brine,100
2021,SEA,mine,brine,14.14571429
2022,SEA,mine,brine,13.47210884
2023,SEA,mine,brine,12.83057985
2024,SEA,mine,brine,12.21959986
2025,SEA,mine,brine,11.63771415
2026,SEA,mine,brine,11.08353729
2027,SEA,mine,brine,10.5557498
2028,SEA,mine,brine,10.05309504
2029,SEA,mine,brine,9.574376233
2030,SEA,mine,brine,9.118453555
2031,SEA,mine,brine,8.684241481
2032,SEA,mine,brine,8.270706172
2033,SEA,mine,brine,7.876863021
2034,SEA,mine,brine,7.501774306
2035,SEA,mine,brine,7.144546958
2036,SEA,mine,brine,6.804330436
2037,SEA,mine,brine,6.480314701
2038,SEA,mine,brine,6.171728287
2039,SEA,mine,brine,5.877836464
2040,SEA,mine,brine,5.597939489
2041,SEA,mine,brine,5.331370942
2042,SEA,mine,brine,5.077496135
2043,SEA,mine,brine,4.835710605
2044,SEA,mine,brine,4.605438671
2045,SEA,mine,brine,4.386132068
2046,SEA,mine,brine,4.177268636
2047,SEA,mine,brine,3.978351082
2048,SEA,mine,brine,3.788905792
2049,SEA,mine,brine,3.608481707
2050,SEA,mine,brine,3.436649245
2051,SEA,mine,brine,3.272999281
2052,SEA,mine,brine,3.117142172
2053,SEA,mine,brine,2.968706831
2054,SEA,mine,brine,2.827339839
2055,SEA,mine,brine,2.692704608
2056,SEA,mine,brine,2.564480579
2057,SEA,mine,brine,2.442362457
2058,SEA,mine,brine,2.326059482
2059,SEA,mine,brine,2.215294745
2060,SEA,mine,brine,2.109804519
2061,SEA,mine,brine,2.009337637
2062,SEA,mine,brine,1.913654893
2063,SEA,mine,brine,1.822528469
2064,SEA,mine,brine,1.735741399
2065,SEA,mine,brine,1.653087047
2066,SEA,mine,brine,1.574368616
2067,SEA,mine,brine,1.499398682
2068,SEA,mine,brine,1.427998745
2069,SEA,mine,brine,1.359998805
2070,SEA,mine,brine,1.295236957
2071,SEA,mine,brine,1.233559006
2072,SEA,mine,brine,1.174818101
2073,SEA,mine,brine,1.118874382
2074,SEA,mine,brine,1.06559465
2075,SEA,mine,brine,1.014852047
2076,SEA,mine,brine,0.966525759
2077,SEA,mine,brine,0.920500723
2078,SEA,mine,brine,0.876667355
2079,SEA,mine,brine,0.834921291
2080,SEA,mine,brine,0.795163134
2081,SEA,mine,brine,0.757298223
2082,SEA,mine,brine,0.721236403
2083,SEA,mine,brine,0.686891812
2084,SEA,mine,brine,0.654182678
2085,SEA,mine,brine,0.623031122
2086,SEA,mine,brine,0.593362974
2087,SEA,mine,brine,0.565107594
2088,SEA,mine,brine,0.538197708
2089,SEA,mine,brine,0.512569246
2090,SEA,mine,brine,0.488161187
2091,SEA,mine,brine,0.464915416
2092,SEA,mine,brine,0.442776587
2093,SEA,mine,brine,0.421691987
2094,SEA,mine,brine,0.401611416
2095,SEA,mine,brine,0.382487063
2096,SEA,mine,brine,0.364273394
2097,SEA,mine,brine,0.346927042
2098,SEA,mine,brine,0.330406706
2099,SEA,mine,brine,0.314673054
2100,SEA,mine,brine,0.299688622
2020,SEA,mine,spod,100
2021,SEA,mine,spod,12.87809524
2022,SEA,mine,spod,12.26485261
2023,SEA,mine,spod,11.68081201
2024,SEA,mine,spod,11.12458286
2025,SEA,mine,spod,10.59484082
2026,SEA,mine,spod,10.09032459
2027,SEA,mine,spod,9.609832946
2028,SEA,mine,spod,9.152221853
2029,SEA,mine,spod,8.716401765
2030,SEA,mine,spod,8.301335014
2031,SEA,mine,spod,7.906033347
2032,SEA,mine,spod,7.529555569
2033,SEA,mine,spod,7.171005303
2034,SEA,mine,spod,6.82952886
2035,SEA,mine,spod,6.5043132
2036,SEA,mine,spod,6.194584
2037,SEA,mine,spod,5.89960381
2038,SEA,mine,spod,5.618670295
2039,SEA,mine,spod,5.351114567
2040,SEA,mine,spod,5.096299587
2041,SEA,mine,spod,4.853618655
2042,SEA,mine,spod,4.622493957
2043,SEA,mine,spod,4.402375197
2044,SEA,mine,spod,4.192738283
2045,SEA,mine,spod,3.993084079
2046,SEA,mine,spod,3.802937218
2047,SEA,mine,spod,3.62184497
2048,SEA,mine,spod,3.449376161
2049,SEA,mine,spod,3.285120154
2050,SEA,mine,spod,3.128685861
2051,SEA,mine,spod,2.97970082
2052,SEA,mine,spod,2.837810305
2053,SEA,mine,spod,2.70267648
2054,SEA,mine,spod,2.5739776
2055,SEA,mine,spod,2.451407239
2056,SEA,mine,spod,2.334673561
2057,SEA,mine,spod,2.223498629
2058,SEA,mine,spod,2.117617742
2059,SEA,mine,spod,2.016778802
2060,SEA,mine,spod,1.920741716
2061,SEA,mine,spod,1.829277825
2062,SEA,mine,spod,1.742169357
2063,SEA,mine,spod,1.659208911
2064,SEA,mine,spod,1.580198963
2065,SEA,mine,spod,1.504951394
2066,SEA,mine,spod,1.433287041
2067,SEA,mine,spod,1.365035278
2068,SEA,mine,spod,1.300033598
2069,SEA,mine,spod,1.238127236
2070,SEA,mine,spod,1.179168796
2071,SEA,mine,spod,1.123017901
2072,SEA,mine,spod,1.069540858
2073,SEA,mine,spod,1.018610341
2074,SEA,mine,spod,0.970105087
2075,SEA,mine,spod,0.923909606
2076,SEA,mine,spod,0.879913911
2077,SEA,mine,spod,0.838013248
2078,SEA,mine,spod,0.798107856
2079,SEA,mine,spod,0.76010272
2080,SEA,mine,spod,0.723907352
2081,SEA,mine,spod,0.689435573
2082,SEA,mine,spod,0.656605308
2083,SEA,mine,spod,0.625338389
2084,SEA,mine,spod,0.59556037
2085,SEA,mine,spod,0.567200352
2086,SEA,mine,spod,0.540190812
2087,SEA,mine,spod,0.51446744
2088,SEA,mine,spod,0.48996899
2089,SEA,mine,spod,0.466637134
2090,SEA,mine,spod,0.444416318
2091,SEA,mine,spod,0.423253636
2092,SEA,mine,spod,0.403098701
2093,SEA,mine,spod,0.383903525
2094,SEA,mine,spod,0.365622404
2095,SEA,mine,spod,0.348211814
2096,SEA,mine,spod,0.331630299
2097,SEA,mine,spod,0.31583838
2098,SEA,mine,spod,0.300798457
2099,SEA,mine,spod,0.286474721
2100,SEA,mine,spod,0.272833068
2020,SEA,mine,clay,100
2021,SEA,mine,clay,8.872380952
2022,SEA,mine,clay,8.449886621
2023,SEA,mine,clay,8.047511068
2024,SEA,mine,clay,7.664296255
2025,SEA,mine,clay,7.299329767
2026,SEA,mine,clay,6.951742635
2027,SEA,mine,clay,6.620707271
2028,SEA,mine,clay,6.305435497
2029,SEA,mine,clay,6.005176663
2030,SEA,mine,clay,5.71921587
2031,SEA,mine,clay,5.446872257
2032,SEA,mine,clay,5.187497388
2033,SEA,mine,clay,4.940473703
2034,SEA,mine,clay,4.70521305
2035,SEA,mine,clay,4.481155286
2036,SEA,mine,clay,4.267766939
2037,SEA,mine,clay,4.064539942
2038,SEA,mine,clay,3.870990421
2039,SEA,mine,clay,3.686657544
2040,SEA,mine,clay,3.511102422
2041,SEA,mine,clay,3.343907069
2042,SEA,mine,clay,3.184673399
2043,SEA,mine,clay,3.033022285
2044,SEA,mine,clay,2.888592652
2045,SEA,mine,clay,2.751040621
2046,SEA,mine,clay,2.620038687
2047,SEA,mine,clay,2.49527494
2048,SEA,mine,clay,2.376452324
2049,SEA,mine,clay,2.263287927
2050,SEA,mine,clay,2.155512312
2051,SEA,mine,clay,2.052868868
2052,SEA,mine,clay,1.955113208
2053,SEA,mine,clay,1.862012579
2054,SEA,mine,clay,1.773345313
2055,SEA,mine,clay,1.688900298
2056,SEA,mine,clay,1.608476475
2057,SEA,mine,clay,1.531882357
2058,SEA,mine,clay,1.458935578
2059,SEA,mine,clay,1.389462455
2060,SEA,mine,clay,1.323297576
2061,SEA,mine,clay,1.260283406
2062,SEA,mine,clay,1.20026991
2063,SEA,mine,clay,1.1431142
2064,SEA,mine,clay,1.088680191
2065,SEA,mine,clay,1.036838277
2066,SEA,mine,clay,0.987465026
2067,SEA,mine,clay,0.940442882
2068,SEA,mine,clay,0.895659887
2069,SEA,mine,clay,0.853009416
2070,SEA,mine,clay,0.81238992
2071,SEA,mine,clay,0.773704686
2072,SEA,mine,clay,0.736861606
2073,SEA,mine,clay,0.701772958
2074,SEA,mine,clay,0.668355198
2075,SEA,mine,clay,0.63652876
2076,SEA,mine,clay,0.606217867
2077,SEA,mine,clay,0.577350349
2078,SEA,mine,clay,0.549857475
2079,SEA,mine,clay,0.523673786
2080,SEA,mine,clay,0.498736939
2081,SEA,mine,clay,0.474987561
2082,SEA,mine,clay,0.452369106
2083,SEA,mine,clay,0.43082772
2084,SEA,mine,clay,0.410312114
2085,SEA,mine,clay,0.390773442
2086,SEA,mine,clay,0.372165183
2087,SEA,mine,clay,0.354443031
2088,SEA,mine,clay,0.337564792
2089,SEA,mine,clay,0.321490278
2090,SEA,mine,clay,0.306181217
2091,SEA,mine,clay,0.291601159
2092,SEA,mine,clay,0.27771539
2093,SEA,mine,clay,0.264490847
2094,SEA,mine,clay,0.251896045
2095,SEA,mine,clay,0.239900995
2096,SEA,mine,clay,0.228477138
2097,SEA,mine,clay,0.217597275
2098,SEA,mine,clay,0.2072355
2099,SEA,mine,clay,0.197367142
2100,SEA,mine,clay,0.187968707
2020,OCE,mine,brine,100
2021,OCE,mine,brine,14.14571429
2022,OCE,mine,brine,13.47210884
2023,OCE,mine,brine,12.83057985
2024,OCE,mine,brine,12.21959986
2025,OCE,mine,brine,11.63771415
2026,OCE,mine,brine,11.08353729
2027,OCE,mine,brine,10.5557498
2028,OCE,mine,brine,10.05309504
2029,OCE,mine,brine,9.574376233
2030,OCE,mine,brine,9.118453555
2031,OCE,mine,brine,8.684241481
2032,OCE,mine,brine,8.270706172
2033,OCE,mine,brine,7.876863021
2034,OCE,mine,brine,7.501774306
2035,OCE,mine,brine,7.144546958
2036,OCE,mine,brine,6.804330436
2037,OCE,mine,brine,6.480314701
2038,OCE,mine,brine,6.171728287
2039,OCE,mine,brine,5.877836464
2040,OCE,mine,brine,5.597939489
2041,OCE,mine,brine,5.331370942
2042,OCE,mine,brine,5.077496135
2043,OCE,mine,brine,4.835710605
2044,OCE,mine,brine,4.605438671
2045,OCE,mine,brine,4.386132068
2046,OCE,mine,brine,4.177268636
2047,OCE,mine,brine,3.978351082
2048,OCE,mine,brine,3.788905792
2049,OCE,mine,brine,3.608481707
2050,OCE,mine,brine,3.436649245
2051,OCE,mine,brine,3.272999281
2052,OCE,mine,brine,3.117142172
2053,OCE,mine,brine,2.968706831
2054,OCE,mine,brine,2.827339839
2055,OCE,mine,brine,2.692704608
2056,OCE,mine,brine,2.564480579
2057,OCE,mine,brine,2.442362457
2058,OCE,mine,brine,2.326059482
2059,OCE,mine,brine,2.215294745
2060,OCE,mine,brine,2.109804519
2061,OCE,mine,brine,2.009337637
2062,OCE,mine,brine,1.913654893
2063,OCE,mine,brine,1.822528469
2064,OCE,mine,brine,1.735741399
2065,OCE,mine,brine,1.653087047
2066,OCE,mine,brine,1.574368616
2067,OCE,mine,brine,1.499398682
2068,OCE,mine,brine,1.427998745
2069,OCE,mine,brine,1.359998805
2070,OCE,mine,brine,1.295236957
2071,OCE,mine,brine,1.233559006
2072,OCE,mine,brine,1.174818101
2073,OCE,mine,brine,1.118874382
2074,OCE,mine,brine,1.06559465
2075,OCE,mine,brine,1.014852047
2076,OCE,mine,brine,0.966525759
2077,OCE,mine,brine,0.920500723
2078,OCE,mine,brine,0.876667355
2079,OCE,mine,brine,0.834921291
2080,OCE,mine,brine,0.795163134
2081,OCE,mine,brine,0.757298223
2082,OCE,mine,brine,0.721236403
2083,OCE,mine,brine,0.686891812
2084,OCE,mine,brine,0.654182678
2085,OCE,mine,brine,0.623031122
2086,OCE,mine,brine,0.593362974
2087,OCE,mine,brine,0.565107594
2088,OCE,mine,brine,0.538197708
2089,OCE,mine,brine,0.512569246
2090,OCE,mine,brine,0.488161187
2091,OCE,mine,brine,0.464915416
2092,OCE,mine,brine,0.442776587
2093,OCE,mine,brine,0.421691987
2094,OCE,mine,brine,0.401611416
2095,OCE,mine,brine,0.382487063
2096,OCE,mine,brine,0.364273394
2097,OCE,mine,brine,0.346927042
2098,OCE,mine,brine,0.330406706
2099,OCE,mine,brine,0.314673054
2100,OCE,mine,brine,0.299688622
2020,OCE,mine,spod,100
2021,OCE,mine,spod,12.87809524
2022,OCE,mine,spod,12.26485261
2023,OCE,mine,spod,11.68081201
2024,OCE,mine,spod,11.12458286
2025,OCE,mine,spod,10.59484082
2026,OCE,mine,spod,10.09032459
2027,OCE,mine,spod,9.609832946
2028,OCE,mine,spod,9.152221853
2029,OCE,mine,spod,8.716401765
2030,OCE,mine,spod,8.301335014
2031,OCE,mine,spod,7.906033347
2032,OCE,mine,spod,7.529555569
2033,OCE,mine,spod,7.171005303
2034,OCE,mine,spod,6.82952886
2035,OCE,mine,spod,6.5043132
2036,OCE,mine,spod,6.194584
2037,OCE,mine,spod,5.89960381
2038,OCE,mine,spod,5.618670295
2039,OCE,mine,spod,5.351114567
2040,OCE,mine,spod,5.096299587
2041,OCE,mine,spod,4.853618655
2042,OCE,mine,spod,4.622493957
2043,OCE,mine,spod,4.402375197
2044,OCE,mine,spod,4.192738283
2045,OCE,mine,spod,3.993084079
2046,OCE,mine,spod,3.802937218
2047,OCE,mine,spod,3.62184497
2048,OCE,mine,spod,3.449376161
2049,OCE,mine,spod,3.285120154
2050,OCE,mine,spod,3.128685861
2051,OCE,mine,spod,2.97970082
2052,OCE,mine,spod,2.837810305
2053,OCE,mine,spod,2.70267648
2054,OCE,mine,spod,2.5739776
2055,OCE,mine,spod,2.451407239
2056,OCE,mine,spod,2.334673561
2057,OCE,mine,spod,2.223498629
2058,OCE,mine,spod,2.117617742
2059,OCE,mine,spod,2.016778802
2060,OCE,mine,spod,1.920741716
2061,OCE,mine,spod,1.829277825
2062,OCE,mine,spod,1.742169357
2063,OCE,mine,spod,1.659208911
2064,OCE,mine,spod,1.580198963
2065,OCE,mine,spod,1.504951394
2066,OCE,mine,spod,1.433287041
2067,OCE,mine,spod,1.365035278
2068,OCE,mine,spod,1.300033598
2069,OCE,mine,spod,1.238127236
2070,OCE,mine,spod,1.179168796
2071,OCE,mine,spod,1.123017901
2072,OCE,mine,spod,1.069540858
2073,OCE,mine,spod,1.018610341
2074,OCE,mine,spod,0.970105087
2075,OCE,mine,spod,0.923909606
2076,OCE,mine,spod,0.879913911
2077,OCE,mine,spod,0.838013248
2078,OCE,mine,spod,0.798107856
2079,OCE,mine,spod,0.76010272
2080,OCE,mine,spod,0.723907352
2081,OCE,mine,spod,0.689435573
2082,OCE,mine,spod,0.656605308
2083,OCE,mine,spod,0.625338389
2084,OCE,mine,spod,0.59556037
2085,OCE,mine,spod,0.567200352
2086,OCE,mine,spod,0.540190812
2087,OCE,mine,spod,0.51446744
2088,OCE,mine,spod,0.48996899
2089,OCE,mine,spod,0.466637134
2090,OCE,mine,spod,0.444416318
2091,OCE,mine,spod,0.423253636
2092,OCE,mine,spod,0.403098701
2093,OCE,mine,spod,0.383903525
2094,OCE,mine,spod,0.365622404
2095,OCE,mine,spod,0.348211814
2096,OCE,mine,spod,0.331630299
2097,OCE,mine,spod,0.31583838
2098,OCE,mine,spod,0.300798457
2099,OCE,mine,spod,0.286474721
2100,OCE,mine,spod,0.272833068
2020,OCE,mine,clay,100
2021,OCE,mine,clay,8.872380952
2022,OCE,mine,clay,8.449886621
2023,OCE,mine,clay,8.047511068
2024,OCE,mine,clay,7.664296255
2025,OCE,mine,clay,7.299329767
2026,OCE,mine,clay,6.951742635
2027,OCE,mine,clay,6.620707271
2028,OCE,mine,clay,6.305435497
2029,OCE,mine,clay,6.005176663
2030,OCE,mine,clay,5.71921587
2031,OCE,mine,clay,5.446872257
2032,OCE,mine,clay,5.187497388
2033,OCE,mine,clay,4.940473703
2034,OCE,mine,clay,4.70521305
2035,OCE,mine,clay,4.481155286
2036,OCE,mine,clay,4.267766939
2037,OCE,mine,clay,4.064539942
2038,OCE,mine,clay,3.870990421
2039,OCE,mine,clay,3.686657544
2040,OCE,mine,clay,3.511102422
2041,OCE,mine,clay,3.343907069
2042,OCE,mine,clay,3.184673399
2043,OCE,mine,clay,3.033022285
2044,OCE,mine,clay,2.888592652
2045,OCE,mine,clay,2.751040621
2046,OCE,mine,clay,2.620038687
2047,OCE,mine,clay,2.49527494
2048,OCE,mine,clay,2.376452324
2049,OCE,mine,clay,2.263287927
2050,OCE,mine,clay,2.155512312
2051,OCE,mine,clay,2.052868868
2052,OCE,mine,clay,1.955113208
2053,OCE,mine,clay,1.862012579
2054,OCE,mine,clay,1.773345313
2055,OCE,mine,clay,1.688900298
2056,OCE,mine,clay,1.608476475
2057,OCE,mine,clay,1.531882357
2058,OCE,mine,clay,1.458935578
2059,OCE,mine,clay,1.389462455
2060,OCE,mine,clay,1.323297576
2061,OCE,mine,clay,1.260283406
2062,OCE,mine,clay,1.20026991
2063,OCE,mine,clay,1.1431142
2064,OCE,mine,clay,1.088680191
2065,OCE,mine,clay,1.036838277
2066,OCE,mine,clay,0.987465026
2067,OCE,mine,clay,0.940442882
2068,OCE,mine,clay,0.895659887
2069,OCE,mine,clay,0.853009416
2070,OCE,mine,clay,0.81238992
2071,OCE,mine,clay,0.773704686
2072,OCE,mine,clay,0.736861606
2073,OCE,mine,clay,0.701772958
2074,OCE,mine,clay,0.668355198
2075,OCE,mine,clay,0.63652876
2076,OCE,mine,clay,0.606217867
2077,OCE,mine,clay,0.577350349
2078,OCE,mine,clay,0.549857475
2079,OCE,mine,clay,0.523673786
2080,OCE,mine,clay,0.498736939
2081,OCE,mine,clay,0.474987561
2082,OCE,mine,clay,0.452369106
2083,OCE,mine,clay,0.43082772
2084,OCE,mine,clay,0.410312114
2085,OCE,mine,clay,0.390773442
2086,OCE,mine,clay,0.372165183
2087,OCE,mine,clay,0.354443031
2088,OCE,mine,clay,0.337564792
2089,OCE,mine,clay,0.321490278
2090,OCE,mine,clay,0.306181217
2091,OCE,mine,clay,0.291601159
2092,OCE,mine,clay,0.27771539
2093,OCE,mine,clay,0.264490847
2094,OCE,mine,clay,0.251896045
2095,OCE,mine,clay,0.239900995
2096,OCE,mine,clay,0.228477138
2097,OCE,mine,clay,0.217597275
2098,OCE,mine,clay,0.2072355
2099,OCE,mine,clay,0.197367142
2100,OCE,mine,clay,0.187968707
