Year,Variable,Stage,Input,Output,CO2
2020,rec_prod_CO2_lce,rec,bev_lfp,lce,1.7052225492951805
2020,rec_prod_CO2_lce,rec,phev_lfp,lce,1.7052225492951805
2020,rec_prod_CO2_loh,rec,bev_nmc,loh,1.991631789702746
2020,rec_prod_CO2_loh,rec,phev_nmc,loh,1.991631789702746
2021,rec_prod_CO2_lce,rec,bev_lfp,lce,1.6199614218304215
2021,rec_prod_CO2_lce,rec,phev_lfp,lce,1.6199614218304215
2021,rec_prod_CO2_loh,rec,bev_nmc,loh,1.8920502002176085
2021,rec_prod_CO2_loh,rec,phev_nmc,loh,1.8920502002176085
2022,rec_prod_CO2_lce,rec,bev_lfp,lce,1.5389633507389002
2022,rec_prod_CO2_lce,rec,phev_lfp,lce,1.5389633507389002
2022,rec_prod_CO2_loh,rec,bev_nmc,loh,1.797447690206728
2022,rec_prod_CO2_loh,rec,phev_nmc,loh,1.797447690206728
2023,rec_prod_CO2_lce,rec,bev_lfp,lce,1.4620151832019552
2023,rec_prod_CO2_lce,rec,phev_lfp,lce,1.4620151832019552
2023,rec_prod_CO2_loh,rec,bev_nmc,loh,1.7075753056963916
2023,rec_prod_CO2_loh,rec,phev_nmc,loh,1.7075753056963916
2024,rec_prod_CO2_lce,rec,bev_lfp,lce,1.3889144240418574
2024,rec_prod_CO2_lce,rec,phev_lfp,lce,1.3889144240418574
2024,rec_prod_CO2_loh,rec,bev_nmc,loh,1.622196540411572
2024,rec_prod_CO2_loh,rec,phev_nmc,loh,1.622196540411572
2025,rec_prod_CO2_lce,rec,bev_lfp,lce,1.3194687028397645
2025,rec_prod_CO2_lce,rec,phev_lfp,lce,1.3194687028397645
2025,rec_prod_CO2_loh,rec,bev_nmc,loh,1.5410867133909933
2025,rec_prod_CO2_loh,rec,phev_nmc,loh,1.5410867133909933
2026,rec_prod_CO2_lce,rec,bev_lfp,lce,1.2534952676977762
2026,rec_prod_CO2_lce,rec,phev_lfp,lce,1.2534952676977762
2026,rec_prod_CO2_loh,rec,bev_nmc,loh,1.4640323777214435
2026,rec_prod_CO2_loh,rec,phev_nmc,loh,1.4640323777214435
2027,rec_prod_CO2_lce,rec,bev_lfp,lce,1.1908205043128874
2027,rec_prod_CO2_lce,rec,phev_lfp,lce,1.1908205043128874
2027,rec_prod_CO2_loh,rec,bev_nmc,loh,1.3908307588353714
2027,rec_prod_CO2_loh,rec,phev_nmc,loh,1.3908307588353714
2028,rec_prod_CO2_lce,rec,bev_lfp,lce,1.1312794790972431
2028,rec_prod_CO2_lce,rec,phev_lfp,lce,1.1312794790972431
2028,rec_prod_CO2_loh,rec,bev_nmc,loh,1.321289220893603
2028,rec_prod_CO2_loh,rec,phev_nmc,loh,1.321289220893603
2029,rec_prod_CO2_lce,rec,bev_lfp,lce,1.074715505142381
2029,rec_prod_CO2_lce,rec,phev_lfp,lce,1.074715505142381
2029,rec_prod_CO2_loh,rec,bev_nmc,loh,1.2552247598489228
2029,rec_prod_CO2_loh,rec,phev_nmc,loh,1.2552247598489228
2030,rec_prod_CO2_lce,rec,bev_lfp,lce,1.0209797298852619
2030,rec_prod_CO2_lce,rec,phev_lfp,lce,1.0209797298852619
2030,rec_prod_CO2_loh,rec,bev_nmc,loh,1.1924635218564765
2030,rec_prod_CO2_loh,rec,phev_nmc,loh,1.1924635218564765
2031,rec_prod_CO2_lce,rec,bev_lfp,lce,0.9699307433909988
2031,rec_prod_CO2_lce,rec,phev_lfp,lce,0.9699307433909988
2031,rec_prod_CO2_loh,rec,bev_nmc,loh,1.132840345763653
2031,rec_prod_CO2_loh,rec,phev_nmc,loh,1.132840345763653
2032,rec_prod_CO2_lce,rec,bev_lfp,lce,0.9214342062214488
2032,rec_prod_CO2_lce,rec,phev_lfp,lce,0.9214342062214488
2032,rec_prod_CO2_loh,rec,bev_nmc,loh,1.0761983284754701
2032,rec_prod_CO2_loh,rec,phev_nmc,loh,1.0761983284754701
2033,rec_prod_CO2_lce,rec,bev_lfp,lce,0.8753624959103764
2033,rec_prod_CO2_lce,rec,phev_lfp,lce,0.8753624959103764
2033,rec_prod_CO2_loh,rec,bev_nmc,loh,1.0223884120516966
2033,rec_prod_CO2_loh,rec,phev_nmc,loh,1.0223884120516966
2034,rec_prod_CO2_lce,rec,bev_lfp,lce,0.8315943711148576
2034,rec_prod_CO2_lce,rec,phev_lfp,lce,0.8315943711148576
2034,rec_prod_CO2_loh,rec,bev_nmc,loh,0.9712689914491117
2034,rec_prod_CO2_loh,rec,phev_nmc,loh,0.9712689914491117
2035,rec_prod_CO2_lce,rec,bev_lfp,lce,0.7900146525591146
2035,rec_prod_CO2_lce,rec,phev_lfp,lce,0.7900146525591146
2035,rec_prod_CO2_loh,rec,bev_nmc,loh,0.9227055418766561
2035,rec_prod_CO2_loh,rec,phev_nmc,loh,0.9227055418766561
2036,rec_prod_CO2_lce,rec,bev_lfp,lce,0.7505139199311589
2036,rec_prod_CO2_lce,rec,phev_lfp,lce,0.7505139199311589
2036,rec_prod_CO2_loh,rec,bev_nmc,loh,0.8765702647828233
2036,rec_prod_CO2_loh,rec,phev_nmc,loh,0.8765702647828233
2037,rec_prod_CO2_lce,rec,bev_lfp,lce,0.7129882239346009
2037,rec_prod_CO2_lce,rec,phev_lfp,lce,0.7129882239346009
2037,rec_prod_CO2_loh,rec,bev_nmc,loh,0.8327417515436821
2037,rec_prod_CO2_loh,rec,phev_nmc,loh,0.8327417515436821
2038,rec_prod_CO2_lce,rec,bev_lfp,lce,0.677338812737871
2038,rec_prod_CO2_lce,rec,phev_lfp,lce,0.677338812737871
2038,rec_prod_CO2_loh,rec,bev_nmc,loh,0.7911046639664981
2038,rec_prod_CO2_loh,rec,phev_nmc,loh,0.7911046639664981
2039,rec_prod_CO2_lce,rec,bev_lfp,lce,0.6434718721009773
2039,rec_prod_CO2_lce,rec,phev_lfp,lce,0.6434718721009773
2039,rec_prod_CO2_loh,rec,bev_nmc,loh,0.7515494307681732
2039,rec_prod_CO2_loh,rec,phev_nmc,loh,0.7515494307681732
2040,rec_prod_CO2_lce,rec,bev_lfp,lce,0.6112982784959285
2040,rec_prod_CO2_lce,rec,phev_lfp,lce,0.6112982784959285
2040,rec_prod_CO2_loh,rec,bev_nmc,loh,0.7139719592297645
2040,rec_prod_CO2_loh,rec,phev_nmc,loh,0.7139719592297645
2041,rec_prod_CO2_lce,rec,bev_lfp,lce,0.5807333645711321
2041,rec_prod_CO2_lce,rec,phev_lfp,lce,0.5807333645711321
2041,rec_prod_CO2_loh,rec,bev_nmc,loh,0.6782733612682763
2041,rec_prod_CO2_loh,rec,phev_nmc,loh,0.6782733612682763
2042,rec_prod_CO2_lce,rec,bev_lfp,lce,0.5516966963425755
2042,rec_prod_CO2_lce,rec,phev_lfp,lce,0.5516966963425755
2042,rec_prod_CO2_loh,rec,bev_nmc,loh,0.6443596932048624
2042,rec_prod_CO2_loh,rec,phev_nmc,loh,0.6443596932048624
2043,rec_prod_CO2_lce,rec,bev_lfp,lce,0.5241118615254466
2043,rec_prod_CO2_lce,rec,phev_lfp,lce,0.5241118615254466
2043,rec_prod_CO2_loh,rec,bev_nmc,loh,0.6121417085446192
2043,rec_prod_CO2_loh,rec,phev_nmc,loh,0.6121417085446192
2044,rec_prod_CO2_lce,rec,bev_lfp,lce,0.4979062684491744
2044,rec_prod_CO2_lce,rec,phev_lfp,lce,0.4979062684491744
2044,rec_prod_CO2_loh,rec,bev_nmc,loh,0.5815346231173883
2044,rec_prod_CO2_loh,rec,phev_nmc,loh,0.5815346231173883
2045,rec_prod_CO2_lce,rec,bev_lfp,lce,0.4730109550267156
2045,rec_prod_CO2_lce,rec,phev_lfp,lce,0.4730109550267156
2045,rec_prod_CO2_loh,rec,bev_nmc,loh,0.5524578919615188
2045,rec_prod_CO2_loh,rec,phev_nmc,loh,0.5524578919615188
2046,rec_prod_CO2_lce,rec,bev_lfp,lce,0.44936040727537985
2046,rec_prod_CO2_lce,rec,phev_lfp,lce,0.44936040727537985
2046,rec_prod_CO2_loh,rec,bev_nmc,loh,0.524834997363443
2046,rec_prod_CO2_loh,rec,phev_nmc,loh,0.524834997363443
2047,rec_prod_CO2_lce,rec,bev_lfp,lce,0.42689238691161085
2047,rec_prod_CO2_lce,rec,phev_lfp,lce,0.42689238691161085
2047,rec_prod_CO2_loh,rec,bev_nmc,loh,0.49859324749527084
2047,rec_prod_CO2_loh,rec,phev_nmc,loh,0.49859324749527084
2048,rec_prod_CO2_lce,rec,bev_lfp,lce,0.4055477675660303
2048,rec_prod_CO2_lce,rec,phev_lfp,lce,0.4055477675660303
2048,rec_prod_CO2_loh,rec,bev_nmc,loh,0.47366358512050727
2048,rec_prod_CO2_loh,rec,phev_nmc,loh,0.47366358512050727
2049,rec_prod_CO2_lce,rec,bev_lfp,lce,0.3852703791877288
2049,rec_prod_CO2_lce,rec,phev_lfp,lce,0.3852703791877288
2049,rec_prod_CO2_loh,rec,bev_nmc,loh,0.4499804058644819
2049,rec_prod_CO2_loh,rec,phev_nmc,loh,0.4499804058644819
2050,rec_prod_CO2_lce,rec,bev_lfp,lce,0.36600686022834233
2050,rec_prod_CO2_lce,rec,phev_lfp,lce,0.36600686022834233
2050,rec_prod_CO2_loh,rec,bev_nmc,loh,0.4274813855712578
2050,rec_prod_CO2_loh,rec,phev_nmc,loh,0.4274813855712578
2051,rec_prod_CO2_lce,rec,bev_lfp,lce,0.3477065172169252
2051,rec_prod_CO2_lce,rec,phev_lfp,lce,0.3477065172169252
2051,rec_prod_CO2_loh,rec,bev_nmc,loh,0.40610731629269486
2051,rec_prod_CO2_loh,rec,phev_nmc,loh,0.40610731629269486
2052,rec_prod_CO2_lce,rec,bev_lfp,lce,0.33032119135607896
2052,rec_prod_CO2_lce,rec,phev_lfp,lce,0.33032119135607896
2052,rec_prod_CO2_loh,rec,bev_nmc,loh,0.38580195047806015
2052,rec_prod_CO2_loh,rec,phev_nmc,loh,0.38580195047806015
2053,rec_prod_CO2_lce,rec,bev_lfp,lce,0.31380513178827496
2053,rec_prod_CO2_lce,rec,phev_lfp,lce,0.31380513178827496
2053,rec_prod_CO2_loh,rec,bev_nmc,loh,0.3665118529541571
2053,rec_prod_CO2_loh,rec,phev_nmc,loh,0.3665118529541571
2054,rec_prod_CO2_lce,rec,bev_lfp,lce,0.29811487519886126
2054,rec_prod_CO2_lce,rec,phev_lfp,lce,0.29811487519886126
2054,rec_prod_CO2_loh,rec,bev_nmc,loh,0.3481862603064493
2054,rec_prod_CO2_loh,rec,phev_nmc,loh,0.3481862603064493
2055,rec_prod_CO2_lce,rec,bev_lfp,lce,0.28320913143891824
2055,rec_prod_CO2_lce,rec,phev_lfp,lce,0.28320913143891824
2055,rec_prod_CO2_loh,rec,bev_nmc,loh,0.33077694729112683
2055,rec_prod_CO2_loh,rec,phev_nmc,loh,0.33077694729112683
2056,rec_prod_CO2_lce,rec,bev_lfp,lce,0.26904867486697226
2056,rec_prod_CO2_lce,rec,phev_lfp,lce,0.26904867486697226
2056,rec_prod_CO2_loh,rec,bev_nmc,loh,0.3142380999265705
2056,rec_prod_CO2_loh,rec,phev_nmc,loh,0.3142380999265705
2057,rec_prod_CO2_lce,rec,bev_lfp,lce,0.25559624112362367
2057,rec_prod_CO2_lce,rec,phev_lfp,lce,0.25559624112362367
2057,rec_prod_CO2_loh,rec,bev_nmc,loh,0.298526194930242
2057,rec_prod_CO2_loh,rec,phev_nmc,loh,0.298526194930242
2058,rec_prod_CO2_lce,rec,bev_lfp,lce,0.24281642906744244
2058,rec_prod_CO2_lce,rec,phev_lfp,lce,0.24281642906744244
2058,rec_prod_CO2_loh,rec,bev_nmc,loh,0.2835998851837298
2058,rec_prod_CO2_loh,rec,phev_nmc,loh,0.2835998851837298
2059,rec_prod_CO2_lce,rec,bev_lfp,lce,0.23067560761407035
2059,rec_prod_CO2_lce,rec,phev_lfp,lce,0.23067560761407035
2059,rec_prod_CO2_loh,rec,bev_nmc,loh,0.2694198909245434
2059,rec_prod_CO2_loh,rec,phev_nmc,loh,0.2694198909245434
2060,rec_prod_CO2_lce,rec,bev_lfp,lce,0.21914182723336686
2060,rec_prod_CO2_lce,rec,phev_lfp,lce,0.21914182723336686
2060,rec_prod_CO2_loh,rec,bev_nmc,loh,0.25594889637831625
2060,rec_prod_CO2_loh,rec,phev_nmc,loh,0.25594889637831625
2061,rec_prod_CO2_lce,rec,bev_lfp,lce,0.20818473587169847
2061,rec_prod_CO2_lce,rec,phev_lfp,lce,0.20818473587169847
2061,rec_prod_CO2_loh,rec,bev_nmc,loh,0.24315145155940038
2061,rec_prod_CO2_loh,rec,phev_nmc,loh,0.24315145155940038
2062,rec_prod_CO2_lce,rec,bev_lfp,lce,0.1977754990781136
2062,rec_prod_CO2_lce,rec,phev_lfp,lce,0.1977754990781136
2062,rec_prod_CO2_loh,rec,bev_nmc,loh,0.2309938789814304
2062,rec_prod_CO2_loh,rec,phev_nmc,loh,0.2309938789814304
2063,rec_prod_CO2_lce,rec,bev_lfp,lce,0.18788672412420793
2063,rec_prod_CO2_lce,rec,phev_lfp,lce,0.18788672412420793
2063,rec_prod_CO2_loh,rec,bev_nmc,loh,0.21944418503235888
2063,rec_prod_CO2_loh,rec,phev_nmc,loh,0.21944418503235888
2064,rec_prod_CO2_lce,rec,bev_lfp,lce,0.17849238791799749
2064,rec_prod_CO2_lce,rec,phev_lfp,lce,0.17849238791799749
2064,rec_prod_CO2_loh,rec,bev_nmc,loh,0.2084719757807409
2064,rec_prod_CO2_loh,rec,phev_nmc,loh,0.2084719757807409
2065,rec_prod_CO2_lce,rec,bev_lfp,lce,0.16956776852209765
2065,rec_prod_CO2_lce,rec,phev_lfp,lce,0.16956776852209765
2065,rec_prod_CO2_loh,rec,bev_nmc,loh,0.19804837699170388
2065,rec_prod_CO2_loh,rec,phev_nmc,loh,0.19804837699170388
2066,rec_prod_CO2_lce,rec,bev_lfp,lce,0.16108938009599275
2066,rec_prod_CO2_lce,rec,phev_lfp,lce,0.16108938009599275
2066,rec_prod_CO2_loh,rec,bev_nmc,loh,0.18814595814211865
2066,rec_prod_CO2_loh,rec,phev_nmc,loh,0.18814595814211865
2067,rec_prod_CO2_lce,rec,bev_lfp,lce,0.15303491109119308
2067,rec_prod_CO2_lce,rec,phev_lfp,lce,0.15303491109119308
2067,rec_prod_CO2_loh,rec,bev_nmc,loh,0.17873866023501273
2067,rec_prod_CO2_loh,rec,phev_nmc,loh,0.17873866023501273
2068,rec_prod_CO2_lce,rec,bev_lfp,lce,0.14538316553663344
2068,rec_prod_CO2_lce,rec,phev_lfp,lce,0.14538316553663344
2068,rec_prod_CO2_loh,rec,bev_nmc,loh,0.1698017272232621
2068,rec_prod_CO2_loh,rec,phev_nmc,loh,0.1698017272232621
2069,rec_prod_CO2_lce,rec,bev_lfp,lce,0.13811400725980177
2069,rec_prod_CO2_lce,rec,phev_lfp,lce,0.13811400725980177
2069,rec_prod_CO2_loh,rec,bev_nmc,loh,0.16131164086209898
2069,rec_prod_CO2_loh,rec,phev_nmc,loh,0.16131164086209898
2070,rec_prod_CO2_lce,rec,bev_lfp,lce,0.13120830689681168
2070,rec_prod_CO2_lce,rec,phev_lfp,lce,0.13120830689681168
2070,rec_prod_CO2_loh,rec,bev_nmc,loh,0.15324605881899406
2070,rec_prod_CO2_loh,rec,phev_nmc,loh,0.15324605881899406
2071,rec_prod_CO2_lce,rec,bev_lfp,lce,0.12464789155197109
2071,rec_prod_CO2_lce,rec,phev_lfp,lce,0.12464789155197109
2071,rec_prod_CO2_loh,rec,bev_nmc,loh,0.14558375587804434
2071,rec_prod_CO2_loh,rec,phev_nmc,loh,0.14558375587804434
2072,rec_prod_CO2_lce,rec,bev_lfp,lce,0.11841549697437254
2072,rec_prod_CO2_lce,rec,phev_lfp,lce,0.11841549697437254
2072,rec_prod_CO2_loh,rec,bev_nmc,loh,0.13830456808414213
2072,rec_prod_CO2_loh,rec,phev_nmc,loh,0.13830456808414213
2073,rec_prod_CO2_lce,rec,bev_lfp,lce,0.11249472212565392
2073,rec_prod_CO2_lce,rec,phev_lfp,lce,0.11249472212565392
2073,rec_prod_CO2_loh,rec,bev_nmc,loh,0.13138933967993502
2073,rec_prod_CO2_loh,rec,phev_nmc,loh,0.13138933967993502
2074,rec_prod_CO2_lce,rec,bev_lfp,lce,0.10686998601937121
2074,rec_prod_CO2_lce,rec,phev_lfp,lce,0.10686998601937121
2074,rec_prod_CO2_loh,rec,bev_nmc,loh,0.12481987269593825
2074,rec_prod_CO2_loh,rec,phev_nmc,loh,0.12481987269593825
2075,rec_prod_CO2_lce,rec,bev_lfp,lce,0.10152648671840264
2075,rec_prod_CO2_lce,rec,phev_lfp,lce,0.10152648671840264
2075,rec_prod_CO2_loh,rec,bev_nmc,loh,0.11857887906114134
2075,rec_prod_CO2_loh,rec,phev_nmc,loh,0.11857887906114134
2076,rec_prod_CO2_lce,rec,bev_lfp,lce,0.09645016238248254
2076,rec_prod_CO2_lce,rec,phev_lfp,lce,0.09645016238248254
2076,rec_prod_CO2_loh,rec,bev_nmc,loh,0.11264993510808428
2076,rec_prod_CO2_loh,rec,phev_nmc,loh,0.11264993510808428
2077,rec_prod_CO2_lce,rec,bev_lfp,lce,0.09162765426335838
2077,rec_prod_CO2_lce,rec,phev_lfp,lce,0.09162765426335838
2077,rec_prod_CO2_loh,rec,bev_nmc,loh,0.10701743835268004
2077,rec_prod_CO2_loh,rec,phev_nmc,loh,0.10701743835268004
2078,rec_prod_CO2_lce,rec,bev_lfp,lce,0.08704627155019048
2078,rec_prod_CO2_lce,rec,phev_lfp,lce,0.08704627155019048
2078,rec_prod_CO2_loh,rec,bev_nmc,loh,0.10166656643504607
2078,rec_prod_CO2_loh,rec,phev_nmc,loh,0.10166656643504607
2079,rec_prod_CO2_lce,rec,bev_lfp,lce,0.08269395797268096
2079,rec_prod_CO2_lce,rec,phev_lfp,lce,0.08269395797268096
2079,rec_prod_CO2_loh,rec,bev_nmc,loh,0.09658323811329377
2079,rec_prod_CO2_loh,rec,phev_nmc,loh,0.09658323811329377
2080,rec_prod_CO2_lce,rec,bev_lfp,lce,0.0785592600740469
2080,rec_prod_CO2_lce,rec,phev_lfp,lce,0.0785592600740469
2080,rec_prod_CO2_loh,rec,bev_nmc,loh,0.09175407620762906
2080,rec_prod_CO2_loh,rec,phev_nmc,loh,0.09175407620762906
2081,rec_prod_CO2_lce,rec,bev_lfp,lce,0.07463129707034456
2081,rec_prod_CO2_lce,rec,phev_lfp,lce,0.07463129707034456
2081,rec_prod_CO2_loh,rec,bev_nmc,loh,0.08716637239724762
2081,rec_prod_CO2_loh,rec,phev_nmc,loh,0.08716637239724762
2082,rec_prod_CO2_lce,rec,bev_lfp,lce,0.07089973221682734
2082,rec_prod_CO2_lce,rec,phev_lfp,lce,0.07089973221682734
2082,rec_prod_CO2_loh,rec,bev_nmc,loh,0.08280805377738523
2082,rec_prod_CO2_loh,rec,phev_nmc,loh,0.08280805377738523
2083,rec_prod_CO2_lce,rec,bev_lfp,lce,0.06735474560598595
2083,rec_prod_CO2_lce,rec,phev_lfp,lce,0.06735474560598595
2083,rec_prod_CO2_loh,rec,bev_nmc,loh,0.07866765108851596
2083,rec_prod_CO2_loh,rec,phev_nmc,loh,0.07866765108851596
2084,rec_prod_CO2_lce,rec,bev_lfp,lce,0.06398700832568666
2084,rec_prod_CO2_lce,rec,phev_lfp,lce,0.06398700832568666
2084,rec_prod_CO2_loh,rec,bev_nmc,loh,0.07473426853409017
2084,rec_prod_CO2_loh,rec,phev_nmc,loh,0.07473426853409017
2085,rec_prod_CO2_lce,rec,bev_lfp,lce,0.060787657909402326
2085,rec_prod_CO2_lce,rec,phev_lfp,lce,0.060787657909402326
2085,rec_prod_CO2_loh,rec,bev_nmc,loh,0.07099755510738566
2085,rec_prod_CO2_loh,rec,phev_nmc,loh,0.07099755510738566
2086,rec_prod_CO2_lce,rec,bev_lfp,lce,0.05774827501393222
2086,rec_prod_CO2_lce,rec,phev_lfp,lce,0.05774827501393222
2086,rec_prod_CO2_loh,rec,bev_nmc,loh,0.06744767735201639
2086,rec_prod_CO2_loh,rec,phev_nmc,loh,0.06744767735201639
2087,rec_prod_CO2_lce,rec,bev_lfp,lce,0.0548608612632356
2087,rec_prod_CO2_lce,rec,phev_lfp,lce,0.0548608612632356
2087,rec_prod_CO2_loh,rec,bev_nmc,loh,0.06407529348441555
2087,rec_prod_CO2_loh,rec,phev_nmc,loh,0.06407529348441555
2088,rec_prod_CO2_lce,rec,bev_lfp,lce,0.052117818200073815
2088,rec_prod_CO2_lce,rec,phev_lfp,lce,0.052117818200073815
2088,rec_prod_CO2_loh,rec,bev_nmc,loh,0.060871528810194774
2088,rec_prod_CO2_loh,rec,phev_nmc,loh,0.060871528810194774
2089,rec_prod_CO2_lce,rec,bev_lfp,lce,0.04951192729007013
2089,rec_prod_CO2_lce,rec,phev_lfp,lce,0.04951192729007013
2089,rec_prod_CO2_loh,rec,bev_nmc,loh,0.05782795236968504
2089,rec_prod_CO2_loh,rec,phev_nmc,loh,0.05782795236968504
2090,rec_prod_CO2_lce,rec,bev_lfp,lce,0.04703633092556662
2090,rec_prod_CO2_lce,rec,phev_lfp,lce,0.04703633092556662
2090,rec_prod_CO2_loh,rec,bev_nmc,loh,0.05493655475120078
2090,rec_prod_CO2_loh,rec,phev_nmc,loh,0.05493655475120078
2091,rec_prod_CO2_lce,rec,bev_lfp,lce,0.04468451437928829
2091,rec_prod_CO2_lce,rec,phev_lfp,lce,0.04468451437928829
2091,rec_prod_CO2_loh,rec,bev_nmc,loh,0.052189727013640747
2091,rec_prod_CO2_loh,rec,phev_nmc,loh,0.052189727013640747
2092,rec_prod_CO2_lce,rec,bev_lfp,lce,0.04245028866032388
2092,rec_prod_CO2_lce,rec,phev_lfp,lce,0.04245028866032388
2092,rec_prod_CO2_loh,rec,bev_nmc,loh,0.04958024066295871
2092,rec_prod_CO2_loh,rec,phev_nmc,loh,0.04958024066295871
2093,rec_prod_CO2_lce,rec,bev_lfp,lce,0.040327774227307676
2093,rec_prod_CO2_lce,rec,phev_lfp,lce,0.040327774227307676
2093,rec_prod_CO2_loh,rec,bev_nmc,loh,0.04710122862981077
2093,rec_prod_CO2_loh,rec,phev_nmc,loh,0.04710122862981077
2094,rec_prod_CO2_lce,rec,bev_lfp,lce,0.03831138551594229
2094,rec_prod_CO2_lce,rec,phev_lfp,lce,0.03831138551594229
2094,rec_prod_CO2_loh,rec,bev_nmc,loh,0.04474616719832023
2094,rec_prod_CO2_loh,rec,phev_nmc,loh,0.04474616719832023
2095,rec_prod_CO2_lce,rec,bev_lfp,lce,0.036395816240145186
2095,rec_prod_CO2_lce,rec,phev_lfp,lce,0.036395816240145186
2095,rec_prod_CO2_loh,rec,bev_nmc,loh,0.042508858838404225
2095,rec_prod_CO2_loh,rec,phev_nmc,loh,0.042508858838404225
2096,rec_prod_CO2_lce,rec,bev_lfp,lce,0.034576025428137924
2096,rec_prod_CO2_lce,rec,phev_lfp,lce,0.034576025428137924
2096,rec_prod_CO2_loh,rec,bev_nmc,loh,0.04038341589648401
2096,rec_prod_CO2_loh,rec,phev_nmc,loh,0.04038341589648401
2097,rec_prod_CO2_lce,rec,bev_lfp,lce,0.032847224156731025
2097,rec_prod_CO2_lce,rec,phev_lfp,lce,0.032847224156731025
2097,rec_prod_CO2_loh,rec,bev_nmc,loh,0.03836424510165981
2097,rec_prod_CO2_loh,rec,phev_nmc,loh,0.03836424510165981
2098,rec_prod_CO2_lce,rec,bev_lfp,lce,0.031204862948894473
2098,rec_prod_CO2_lce,rec,phev_lfp,lce,0.031204862948894473
2098,rec_prod_CO2_loh,rec,bev_nmc,loh,0.03644603284657682
2098,rec_prod_CO2_loh,rec,phev_nmc,loh,0.03644603284657682
2099,rec_prod_CO2_lce,rec,bev_lfp,lce,0.029644619801449747
2099,rec_prod_CO2_lce,rec,phev_lfp,lce,0.029644619801449747
2099,rec_prod_CO2_loh,rec,bev_nmc,loh,0.03462373120424797
2099,rec_prod_CO2_loh,rec,phev_nmc,loh,0.03462373120424797
2100,rec_prod_CO2_lce,rec,bev_lfp,lce,0.02816238881137726
2100,rec_prod_CO2_lce,rec,phev_lfp,lce,0.02816238881137726
2100,rec_prod_CO2_loh,rec,bev_nmc,loh,0.03289254464403558
2100,rec_prod_CO2_loh,rec,phev_nmc,loh,0.03289254464403558
2020,NA,rec,bev_nmc,lce,9999
2020,NA,rec,phev_nmc,lce,9999
2020,NA,rec,bev_lfp,loh,9999
2020,NA,rec,phev_lfp,loh,9999
2021,NA,rec,bev_nmc,lce,9999
2021,NA,rec,phev_nmc,lce,9999
2021,NA,rec,bev_lfp,loh,9999
2021,NA,rec,phev_lfp,loh,9999
2022,NA,rec,bev_nmc,lce,9999
2022,NA,rec,phev_nmc,lce,9999
2022,NA,rec,bev_lfp,loh,9999
2022,NA,rec,phev_lfp,loh,9999
2023,NA,rec,bev_nmc,lce,9999
2023,NA,rec,phev_nmc,lce,9999
2023,NA,rec,bev_lfp,loh,9999
2023,NA,rec,phev_lfp,loh,9999
2024,NA,rec,bev_nmc,lce,9999
2024,NA,rec,phev_nmc,lce,9999
2024,NA,rec,bev_lfp,loh,9999
2024,NA,rec,phev_lfp,loh,9999
2025,NA,rec,bev_nmc,lce,9999
2025,NA,rec,phev_nmc,lce,9999
2025,NA,rec,bev_lfp,loh,9999
2025,NA,rec,phev_lfp,loh,9999
2026,NA,rec,bev_nmc,lce,9999
2026,NA,rec,phev_nmc,lce,9999
2026,NA,rec,bev_lfp,loh,9999
2026,NA,rec,phev_lfp,loh,9999
2027,NA,rec,bev_nmc,lce,9999
2027,NA,rec,phev_nmc,lce,9999
2027,NA,rec,bev_lfp,loh,9999
2027,NA,rec,phev_lfp,loh,9999
2028,NA,rec,bev_nmc,lce,9999
2028,NA,rec,phev_nmc,lce,9999
2028,NA,rec,bev_lfp,loh,9999
2028,NA,rec,phev_lfp,loh,9999
2029,NA,rec,bev_nmc,lce,9999
2029,NA,rec,phev_nmc,lce,9999
2029,NA,rec,bev_lfp,loh,9999
2029,NA,rec,phev_lfp,loh,9999
2030,NA,rec,bev_nmc,lce,9999
2030,NA,rec,phev_nmc,lce,9999
2030,NA,rec,bev_lfp,loh,9999
2030,NA,rec,phev_lfp,loh,9999
2031,NA,rec,bev_nmc,lce,9999
2031,NA,rec,phev_nmc,lce,9999
2031,NA,rec,bev_lfp,loh,9999
2031,NA,rec,phev_lfp,loh,9999
2032,NA,rec,bev_nmc,lce,9999
2032,NA,rec,phev_nmc,lce,9999
2032,NA,rec,bev_lfp,loh,9999
2032,NA,rec,phev_lfp,loh,9999
2033,NA,rec,bev_nmc,lce,9999
2033,NA,rec,phev_nmc,lce,9999
2033,NA,rec,bev_lfp,loh,9999
2033,NA,rec,phev_lfp,loh,9999
2034,NA,rec,bev_nmc,lce,9999
2034,NA,rec,phev_nmc,lce,9999
2034,NA,rec,bev_lfp,loh,9999
2034,NA,rec,phev_lfp,loh,9999
2035,NA,rec,bev_nmc,lce,9999
2035,NA,rec,phev_nmc,lce,9999
2035,NA,rec,bev_lfp,loh,9999
2035,NA,rec,phev_lfp,loh,9999
2036,NA,rec,bev_nmc,lce,9999
2036,NA,rec,phev_nmc,lce,9999
2036,NA,rec,bev_lfp,loh,9999
2036,NA,rec,phev_lfp,loh,9999
2037,NA,rec,bev_nmc,lce,9999
2037,NA,rec,phev_nmc,lce,9999
2037,NA,rec,bev_lfp,loh,9999
2037,NA,rec,phev_lfp,loh,9999
2038,NA,rec,bev_nmc,lce,9999
2038,NA,rec,phev_nmc,lce,9999
2038,NA,rec,bev_lfp,loh,9999
2038,NA,rec,phev_lfp,loh,9999
2039,NA,rec,bev_nmc,lce,9999
2039,NA,rec,phev_nmc,lce,9999
2039,NA,rec,bev_lfp,loh,9999
2039,NA,rec,phev_lfp,loh,9999
2040,NA,rec,bev_nmc,lce,9999
2040,NA,rec,phev_nmc,lce,9999
2040,NA,rec,bev_lfp,loh,9999
2040,NA,rec,phev_lfp,loh,9999
2041,NA,rec,bev_nmc,lce,9999
2041,NA,rec,phev_nmc,lce,9999
2041,NA,rec,bev_lfp,loh,9999
2041,NA,rec,phev_lfp,loh,9999
2042,NA,rec,bev_nmc,lce,9999
2042,NA,rec,phev_nmc,lce,9999
2042,NA,rec,bev_lfp,loh,9999
2042,NA,rec,phev_lfp,loh,9999
2043,NA,rec,bev_nmc,lce,9999
2043,NA,rec,phev_nmc,lce,9999
2043,NA,rec,bev_lfp,loh,9999
2043,NA,rec,phev_lfp,loh,9999
2044,NA,rec,bev_nmc,lce,9999
2044,NA,rec,phev_nmc,lce,9999
2044,NA,rec,bev_lfp,loh,9999
2044,NA,rec,phev_lfp,loh,9999
2045,NA,rec,bev_nmc,lce,9999
2045,NA,rec,phev_nmc,lce,9999
2045,NA,rec,bev_lfp,loh,9999
2045,NA,rec,phev_lfp,loh,9999
2046,NA,rec,bev_nmc,lce,9999
2046,NA,rec,phev_nmc,lce,9999
2046,NA,rec,bev_lfp,loh,9999
2046,NA,rec,phev_lfp,loh,9999
2047,NA,rec,bev_nmc,lce,9999
2047,NA,rec,phev_nmc,lce,9999
2047,NA,rec,bev_lfp,loh,9999
2047,NA,rec,phev_lfp,loh,9999
2048,NA,rec,bev_nmc,lce,9999
2048,NA,rec,phev_nmc,lce,9999
2048,NA,rec,bev_lfp,loh,9999
2048,NA,rec,phev_lfp,loh,9999
2049,NA,rec,bev_nmc,lce,9999
2049,NA,rec,phev_nmc,lce,9999
2049,NA,rec,bev_lfp,loh,9999
2049,NA,rec,phev_lfp,loh,9999
2050,NA,rec,bev_nmc,lce,9999
2050,NA,rec,phev_nmc,lce,9999
2050,NA,rec,bev_lfp,loh,9999
2050,NA,rec,phev_lfp,loh,9999
2051,NA,rec,bev_nmc,lce,9999
2051,NA,rec,phev_nmc,lce,9999
2051,NA,rec,bev_lfp,loh,9999
2051,NA,rec,phev_lfp,loh,9999
2052,NA,rec,bev_nmc,lce,9999
2052,NA,rec,phev_nmc,lce,9999
2052,NA,rec,bev_lfp,loh,9999
2052,NA,rec,phev_lfp,loh,9999
2053,NA,rec,bev_nmc,lce,9999
2053,NA,rec,phev_nmc,lce,9999
2053,NA,rec,bev_lfp,loh,9999
2053,NA,rec,phev_lfp,loh,9999
2054,NA,rec,bev_nmc,lce,9999
2054,NA,rec,phev_nmc,lce,9999
2054,NA,rec,bev_lfp,loh,9999
2054,NA,rec,phev_lfp,loh,9999
2055,NA,rec,bev_nmc,lce,9999
2055,NA,rec,phev_nmc,lce,9999
2055,NA,rec,bev_lfp,loh,9999
2055,NA,rec,phev_lfp,loh,9999
2056,NA,rec,bev_nmc,lce,9999
2056,NA,rec,phev_nmc,lce,9999
2056,NA,rec,bev_lfp,loh,9999
2056,NA,rec,phev_lfp,loh,9999
2057,NA,rec,bev_nmc,lce,9999
2057,NA,rec,phev_nmc,lce,9999
2057,NA,rec,bev_lfp,loh,9999
2057,NA,rec,phev_lfp,loh,9999
2058,NA,rec,bev_nmc,lce,9999
2058,NA,rec,phev_nmc,lce,9999
2058,NA,rec,bev_lfp,loh,9999
2058,NA,rec,phev_lfp,loh,9999
2059,NA,rec,bev_nmc,lce,9999
2059,NA,rec,phev_nmc,lce,9999
2059,NA,rec,bev_lfp,loh,9999
2059,NA,rec,phev_lfp,loh,9999
2060,NA,rec,bev_nmc,lce,9999
2060,NA,rec,phev_nmc,lce,9999
2060,NA,rec,bev_lfp,loh,9999
2060,NA,rec,phev_lfp,loh,9999
2061,NA,rec,bev_nmc,lce,9999
2061,NA,rec,phev_nmc,lce,9999
2061,NA,rec,bev_lfp,loh,9999
2061,NA,rec,phev_lfp,loh,9999
2062,NA,rec,bev_nmc,lce,9999
2062,NA,rec,phev_nmc,lce,9999
2062,NA,rec,bev_lfp,loh,9999
2062,NA,rec,phev_lfp,loh,9999
2063,NA,rec,bev_nmc,lce,9999
2063,NA,rec,phev_nmc,lce,9999
2063,NA,rec,bev_lfp,loh,9999
2063,NA,rec,phev_lfp,loh,9999
2064,NA,rec,bev_nmc,lce,9999
2064,NA,rec,phev_nmc,lce,9999
2064,NA,rec,bev_lfp,loh,9999
2064,NA,rec,phev_lfp,loh,9999
2065,NA,rec,bev_nmc,lce,9999
2065,NA,rec,phev_nmc,lce,9999
2065,NA,rec,bev_lfp,loh,9999
2065,NA,rec,phev_lfp,loh,9999
2066,NA,rec,bev_nmc,lce,9999
2066,NA,rec,phev_nmc,lce,9999
2066,NA,rec,bev_lfp,loh,9999
2066,NA,rec,phev_lfp,loh,9999
2067,NA,rec,bev_nmc,lce,9999
2067,NA,rec,phev_nmc,lce,9999
2067,NA,rec,bev_lfp,loh,9999
2067,NA,rec,phev_lfp,loh,9999
2068,NA,rec,bev_nmc,lce,9999
2068,NA,rec,phev_nmc,lce,9999
2068,NA,rec,bev_lfp,loh,9999
2068,NA,rec,phev_lfp,loh,9999
2069,NA,rec,bev_nmc,lce,9999
2069,NA,rec,phev_nmc,lce,9999
2069,NA,rec,bev_lfp,loh,9999
2069,NA,rec,phev_lfp,loh,9999
2070,NA,rec,bev_nmc,lce,9999
2070,NA,rec,phev_nmc,lce,9999
2070,NA,rec,bev_lfp,loh,9999
2070,NA,rec,phev_lfp,loh,9999
2071,NA,rec,bev_nmc,lce,9999
2071,NA,rec,phev_nmc,lce,9999
2071,NA,rec,bev_lfp,loh,9999
2071,NA,rec,phev_lfp,loh,9999
2072,NA,rec,bev_nmc,lce,9999
2072,NA,rec,phev_nmc,lce,9999
2072,NA,rec,bev_lfp,loh,9999
2072,NA,rec,phev_lfp,loh,9999
2073,NA,rec,bev_nmc,lce,9999
2073,NA,rec,phev_nmc,lce,9999
2073,NA,rec,bev_lfp,loh,9999
2073,NA,rec,phev_lfp,loh,9999
2074,NA,rec,bev_nmc,lce,9999
2074,NA,rec,phev_nmc,lce,9999
2074,NA,rec,bev_lfp,loh,9999
2074,NA,rec,phev_lfp,loh,9999
2075,NA,rec,bev_nmc,lce,9999
2075,NA,rec,phev_nmc,lce,9999
2075,NA,rec,bev_lfp,loh,9999
2075,NA,rec,phev_lfp,loh,9999
2076,NA,rec,bev_nmc,lce,9999
2076,NA,rec,phev_nmc,lce,9999
2076,NA,rec,bev_lfp,loh,9999
2076,NA,rec,phev_lfp,loh,9999
2077,NA,rec,bev_nmc,lce,9999
2077,NA,rec,phev_nmc,lce,9999
2077,NA,rec,bev_lfp,loh,9999
2077,NA,rec,phev_lfp,loh,9999
2078,NA,rec,bev_nmc,lce,9999
2078,NA,rec,phev_nmc,lce,9999
2078,NA,rec,bev_lfp,loh,9999
2078,NA,rec,phev_lfp,loh,9999
2079,NA,rec,bev_nmc,lce,9999
2079,NA,rec,phev_nmc,lce,9999
2079,NA,rec,bev_lfp,loh,9999
2079,NA,rec,phev_lfp,loh,9999
2080,NA,rec,bev_nmc,lce,9999
2080,NA,rec,phev_nmc,lce,9999
2080,NA,rec,bev_lfp,loh,9999
2080,NA,rec,phev_lfp,loh,9999
2081,NA,rec,bev_nmc,lce,9999
2081,NA,rec,phev_nmc,lce,9999
2081,NA,rec,bev_lfp,loh,9999
2081,NA,rec,phev_lfp,loh,9999
2082,NA,rec,bev_nmc,lce,9999
2082,NA,rec,phev_nmc,lce,9999
2082,NA,rec,bev_lfp,loh,9999
2082,NA,rec,phev_lfp,loh,9999
2083,NA,rec,bev_nmc,lce,9999
2083,NA,rec,phev_nmc,lce,9999
2083,NA,rec,bev_lfp,loh,9999
2083,NA,rec,phev_lfp,loh,9999
2084,NA,rec,bev_nmc,lce,9999
2084,NA,rec,phev_nmc,lce,9999
2084,NA,rec,bev_lfp,loh,9999
2084,NA,rec,phev_lfp,loh,9999
2085,NA,rec,bev_nmc,lce,9999
2085,NA,rec,phev_nmc,lce,9999
2085,NA,rec,bev_lfp,loh,9999
2085,NA,rec,phev_lfp,loh,9999
2086,NA,rec,bev_nmc,lce,9999
2086,NA,rec,phev_nmc,lce,9999
2086,NA,rec,bev_lfp,loh,9999
2086,NA,rec,phev_lfp,loh,9999
2087,NA,rec,bev_nmc,lce,9999
2087,NA,rec,phev_nmc,lce,9999
2087,NA,rec,bev_lfp,loh,9999
2087,NA,rec,phev_lfp,loh,9999
2088,NA,rec,bev_nmc,lce,9999
2088,NA,rec,phev_nmc,lce,9999
2088,NA,rec,bev_lfp,loh,9999
2088,NA,rec,phev_lfp,loh,9999
2089,NA,rec,bev_nmc,lce,9999
2089,NA,rec,phev_nmc,lce,9999
2089,NA,rec,bev_lfp,loh,9999
2089,NA,rec,phev_lfp,loh,9999
2090,NA,rec,bev_nmc,lce,9999
2090,NA,rec,phev_nmc,lce,9999
2090,NA,rec,bev_lfp,loh,9999
2090,NA,rec,phev_lfp,loh,9999
2091,NA,rec,bev_nmc,lce,9999
2091,NA,rec,phev_nmc,lce,9999
2091,NA,rec,bev_lfp,loh,9999
2091,NA,rec,phev_lfp,loh,9999
2092,NA,rec,bev_nmc,lce,9999
2092,NA,rec,phev_nmc,lce,9999
2092,NA,rec,bev_lfp,loh,9999
2092,NA,rec,phev_lfp,loh,9999
2093,NA,rec,bev_nmc,lce,9999
2093,NA,rec,phev_nmc,lce,9999
2093,NA,rec,bev_lfp,loh,9999
2093,NA,rec,phev_lfp,loh,9999
2094,NA,rec,bev_nmc,lce,9999
2094,NA,rec,phev_nmc,lce,9999
2094,NA,rec,bev_lfp,loh,9999
2094,NA,rec,phev_lfp,loh,9999
2095,NA,rec,bev_nmc,lce,9999
2095,NA,rec,phev_nmc,lce,9999
2095,NA,rec,bev_lfp,loh,9999
2095,NA,rec,phev_lfp,loh,9999
2096,NA,rec,bev_nmc,lce,9999
2096,NA,rec,phev_nmc,lce,9999
2096,NA,rec,bev_lfp,loh,9999
2096,NA,rec,phev_lfp,loh,9999
2097,NA,rec,bev_nmc,lce,9999
2097,NA,rec,phev_nmc,lce,9999
2097,NA,rec,bev_lfp,loh,9999
2097,NA,rec,phev_lfp,loh,9999
2098,NA,rec,bev_nmc,lce,9999
2098,NA,rec,phev_nmc,lce,9999
2098,NA,rec,bev_lfp,loh,9999
2098,NA,rec,phev_lfp,loh,9999
2099,NA,rec,bev_nmc,lce,9999
2099,NA,rec,phev_nmc,lce,9999
2099,NA,rec,bev_lfp,loh,9999
2099,NA,rec,phev_lfp,loh,9999
2100,NA,rec,bev_nmc,lce,9999
2100,NA,rec,phev_nmc,lce,9999
2100,NA,rec,bev_lfp,loh,9999
2100,NA,rec,phev_lfp,loh,9999
