Year,Variable,Stage,Input,Output,Cost
2020,rec_prod_cost_lce,rec,bev_lfp,lce,10.801574573553
2020,rec_prod_cost_lce,rec,phev_lfp,lce,10.801574573553
2020,rec_prod_cost_loh,rec,bev_nmc,loh,10.801574573553
2020,rec_prod_cost_loh,rec,phev_nmc,loh,10.801574573553
2021,rec_prod_cost_lce,rec,bev_lfp,lce,9.77285318559557
2021,rec_prod_cost_lce,rec,phev_lfp,lce,9.77285318559557
2021,rec_prod_cost_loh,rec,bev_nmc,loh,9.77285318559557
2021,rec_prod_cost_loh,rec,phev_nmc,loh,9.77285318559557
2022,rec_prod_cost_lce,rec,bev_lfp,lce,8.842105263157896
2022,rec_prod_cost_lce,rec,phev_lfp,lce,8.842105263157896
2022,rec_prod_cost_loh,rec,bev_nmc,loh,8.842105263157896
2022,rec_prod_cost_loh,rec,phev_nmc,loh,8.842105263157896
2023,rec_prod_cost_lce,rec,bev_lfp,lce,8
2023,rec_prod_cost_lce,rec,phev_lfp,lce,8
2023,rec_prod_cost_loh,rec,bev_nmc,loh,8
2023,rec_prod_cost_loh,rec,phev_nmc,loh,8
2024,rec_prod_cost_lce,rec,bev_lfp,lce,7.238095238095237
2024,rec_prod_cost_lce,rec,phev_lfp,lce,7.238095238095237
2024,rec_prod_cost_loh,rec,bev_nmc,loh,7.238095238095237
2024,rec_prod_cost_loh,rec,phev_nmc,loh,7.238095238095237
2025,rec_prod_cost_lce,rec,bev_lfp,lce,6.8934240362811785
2025,rec_prod_cost_lce,rec,phev_lfp,lce,6.8934240362811785
2025,rec_prod_cost_loh,rec,bev_nmc,loh,6.8934240362811785
2025,rec_prod_cost_loh,rec,phev_nmc,loh,6.8934240362811785
2026,rec_prod_cost_lce,rec,bev_lfp,lce,6.565165748839217
2026,rec_prod_cost_lce,rec,phev_lfp,lce,6.565165748839217
2026,rec_prod_cost_loh,rec,bev_nmc,loh,6.565165748839217
2026,rec_prod_cost_loh,rec,phev_nmc,loh,6.565165748839217
2027,rec_prod_cost_lce,rec,bev_lfp,lce,6.2525388084183025
2027,rec_prod_cost_lce,rec,phev_lfp,lce,6.2525388084183025
2027,rec_prod_cost_loh,rec,bev_nmc,loh,6.2525388084183025
2027,rec_prod_cost_loh,rec,phev_nmc,loh,6.2525388084183025
2028,rec_prod_cost_lce,rec,bev_lfp,lce,5.954798865160288
2028,rec_prod_cost_lce,rec,phev_lfp,lce,5.954798865160288
2028,rec_prod_cost_loh,rec,bev_nmc,loh,5.954798865160288
2028,rec_prod_cost_loh,rec,phev_nmc,loh,5.954798865160288
2029,rec_prod_cost_lce,rec,bev_lfp,lce,5.67123701443837
2029,rec_prod_cost_lce,rec,phev_lfp,lce,5.67123701443837
2029,rec_prod_cost_loh,rec,bev_nmc,loh,5.67123701443837
2029,rec_prod_cost_loh,rec,phev_nmc,loh,5.67123701443837
2030,rec_prod_cost_lce,rec,bev_lfp,lce,5.401178108988923
2030,rec_prod_cost_lce,rec,phev_lfp,lce,5.401178108988923
2030,rec_prod_cost_loh,rec,bev_nmc,loh,5.401178108988923
2030,rec_prod_cost_loh,rec,phev_nmc,loh,5.401178108988923
2031,rec_prod_cost_lce,rec,bev_lfp,lce,5.143979151418022
2031,rec_prod_cost_lce,rec,phev_lfp,lce,5.143979151418022
2031,rec_prod_cost_loh,rec,bev_nmc,loh,5.143979151418022
2031,rec_prod_cost_loh,rec,phev_nmc,loh,5.143979151418022
2032,rec_prod_cost_lce,rec,bev_lfp,lce,4.899027763255259
2032,rec_prod_cost_lce,rec,phev_lfp,lce,4.899027763255259
2032,rec_prod_cost_loh,rec,bev_nmc,loh,4.899027763255259
2032,rec_prod_cost_loh,rec,phev_nmc,loh,4.899027763255259
2033,rec_prod_cost_lce,rec,bev_lfp,lce,4.66574072690977
2033,rec_prod_cost_lce,rec,phev_lfp,lce,4.66574072690977
2033,rec_prod_cost_loh,rec,bev_nmc,loh,4.66574072690977
2033,rec_prod_cost_loh,rec,phev_nmc,loh,4.66574072690977
2034,rec_prod_cost_lce,rec,bev_lfp,lce,4.443562597056924
2034,rec_prod_cost_lce,rec,phev_lfp,lce,4.443562597056924
2034,rec_prod_cost_loh,rec,bev_nmc,loh,4.443562597056924
2034,rec_prod_cost_loh,rec,phev_nmc,loh,4.443562597056924
2035,rec_prod_cost_lce,rec,bev_lfp,lce,4.231964378149452
2035,rec_prod_cost_lce,rec,phev_lfp,lce,4.231964378149452
2035,rec_prod_cost_loh,rec,bev_nmc,loh,4.231964378149452
2035,rec_prod_cost_loh,rec,phev_nmc,loh,4.231964378149452
2036,rec_prod_cost_lce,rec,bev_lfp,lce,4.03044226490424
2036,rec_prod_cost_lce,rec,phev_lfp,lce,4.03044226490424
2036,rec_prod_cost_loh,rec,bev_nmc,loh,4.03044226490424
2036,rec_prod_cost_loh,rec,phev_nmc,loh,4.03044226490424
2037,rec_prod_cost_lce,rec,bev_lfp,lce,3.8385164427659433
2037,rec_prod_cost_lce,rec,phev_lfp,lce,3.8385164427659433
2037,rec_prod_cost_loh,rec,bev_nmc,loh,3.8385164427659433
2037,rec_prod_cost_loh,rec,phev_nmc,loh,3.8385164427659433
2038,rec_prod_cost_lce,rec,bev_lfp,lce,3.655729945491373
2038,rec_prod_cost_lce,rec,phev_lfp,lce,3.655729945491373
2038,rec_prod_cost_loh,rec,bev_nmc,loh,3.655729945491373
2038,rec_prod_cost_loh,rec,phev_nmc,loh,3.655729945491373
2039,rec_prod_cost_lce,rec,bev_lfp,lce,3.4816475671346416
2039,rec_prod_cost_lce,rec,phev_lfp,lce,3.4816475671346416
2039,rec_prod_cost_loh,rec,bev_nmc,loh,3.4816475671346416
2039,rec_prod_cost_loh,rec,phev_nmc,loh,3.4816475671346416
2040,rec_prod_cost_lce,rec,bev_lfp,lce,3.315854825842515
2040,rec_prod_cost_lce,rec,phev_lfp,lce,3.315854825842515
2040,rec_prod_cost_loh,rec,bev_nmc,loh,3.315854825842515
2040,rec_prod_cost_loh,rec,phev_nmc,loh,3.315854825842515
2041,rec_prod_cost_lce,rec,bev_lfp,lce,3.157956976992872
2041,rec_prod_cost_lce,rec,phev_lfp,lce,3.157956976992872
2041,rec_prod_cost_loh,rec,bev_nmc,loh,3.157956976992872
2041,rec_prod_cost_loh,rec,phev_nmc,loh,3.157956976992872
2042,rec_prod_cost_lce,rec,bev_lfp,lce,3.0075780733265445
2042,rec_prod_cost_lce,rec,phev_lfp,lce,3.0075780733265445
2042,rec_prod_cost_loh,rec,bev_nmc,loh,3.0075780733265445
2042,rec_prod_cost_loh,rec,phev_nmc,loh,3.0075780733265445
2043,rec_prod_cost_lce,rec,bev_lfp,lce,2.8643600698348046
2043,rec_prod_cost_lce,rec,phev_lfp,lce,2.8643600698348046
2043,rec_prod_cost_loh,rec,bev_nmc,loh,2.8643600698348046
2043,rec_prod_cost_loh,rec,phev_nmc,loh,2.8643600698348046
2044,rec_prod_cost_lce,rec,bev_lfp,lce,2.727961971271242
2044,rec_prod_cost_lce,rec,phev_lfp,lce,2.727961971271242
2044,rec_prod_cost_loh,rec,bev_nmc,loh,2.727961971271242
2044,rec_prod_cost_loh,rec,phev_nmc,loh,2.727961971271242
2045,rec_prod_cost_lce,rec,bev_lfp,lce,2.5980590202583262
2045,rec_prod_cost_lce,rec,phev_lfp,lce,2.5980590202583262
2045,rec_prod_cost_loh,rec,bev_nmc,loh,2.5980590202583262
2045,rec_prod_cost_loh,rec,phev_nmc,loh,2.5980590202583262
2046,rec_prod_cost_lce,rec,bev_lfp,lce,2.4743419240555484
2046,rec_prod_cost_lce,rec,phev_lfp,lce,2.4743419240555484
2046,rec_prod_cost_loh,rec,bev_nmc,loh,2.4743419240555484
2046,rec_prod_cost_loh,rec,phev_nmc,loh,2.4743419240555484
2047,rec_prod_cost_lce,rec,bev_lfp,lce,2.3565161181481415
2047,rec_prod_cost_lce,rec,phev_lfp,lce,2.3565161181481415
2047,rec_prod_cost_loh,rec,bev_nmc,loh,2.3565161181481415
2047,rec_prod_cost_loh,rec,phev_nmc,loh,2.3565161181481415
2048,rec_prod_cost_lce,rec,bev_lfp,lce,2.244301064902992
2048,rec_prod_cost_lce,rec,phev_lfp,lce,2.244301064902992
2048,rec_prod_cost_loh,rec,bev_nmc,loh,2.244301064902992
2048,rec_prod_cost_loh,rec,phev_nmc,loh,2.244301064902992
2049,rec_prod_cost_lce,rec,bev_lfp,lce,2.1374295856218968
2049,rec_prod_cost_lce,rec,phev_lfp,lce,2.1374295856218968
2049,rec_prod_cost_loh,rec,bev_nmc,loh,2.1374295856218968
2049,rec_prod_cost_loh,rec,phev_nmc,loh,2.1374295856218968
2050,rec_prod_cost_lce,rec,bev_lfp,lce,2.0356472244018065
2050,rec_prod_cost_lce,rec,phev_lfp,lce,2.0356472244018065
2050,rec_prod_cost_loh,rec,bev_nmc,loh,2.0356472244018065
2050,rec_prod_cost_loh,rec,phev_nmc,loh,2.0356472244018065
2051,rec_prod_cost_lce,rec,bev_lfp,lce,1.9387116422874349
2051,rec_prod_cost_lce,rec,phev_lfp,lce,1.9387116422874349
2051,rec_prod_cost_loh,rec,bev_nmc,loh,1.9387116422874349
2051,rec_prod_cost_loh,rec,phev_nmc,loh,1.9387116422874349
2052,rec_prod_cost_lce,rec,bev_lfp,lce,1.8463920402737473
2052,rec_prod_cost_lce,rec,phev_lfp,lce,1.8463920402737473
2052,rec_prod_cost_loh,rec,bev_nmc,loh,1.8463920402737473
2052,rec_prod_cost_loh,rec,phev_nmc,loh,1.8463920402737473
2053,rec_prod_cost_lce,rec,bev_lfp,lce,1.758468609784522
2053,rec_prod_cost_lce,rec,phev_lfp,lce,1.758468609784522
2053,rec_prod_cost_loh,rec,bev_nmc,loh,1.758468609784522
2053,rec_prod_cost_loh,rec,phev_nmc,loh,1.758468609784522
2054,rec_prod_cost_lce,rec,bev_lfp,lce,1.6747320093185916
2054,rec_prod_cost_lce,rec,phev_lfp,lce,1.6747320093185916
2054,rec_prod_cost_loh,rec,bev_nmc,loh,1.6747320093185916
2054,rec_prod_cost_loh,rec,phev_nmc,loh,1.6747320093185916
2055,rec_prod_cost_lce,rec,bev_lfp,lce,1.5949828660177063
2055,rec_prod_cost_lce,rec,phev_lfp,lce,1.5949828660177063
2055,rec_prod_cost_loh,rec,bev_nmc,loh,1.5949828660177063
2055,rec_prod_cost_loh,rec,phev_nmc,loh,1.5949828660177063
2056,rec_prod_cost_lce,rec,bev_lfp,lce,1.519031300969244
2056,rec_prod_cost_lce,rec,phev_lfp,lce,1.519031300969244
2056,rec_prod_cost_loh,rec,bev_nmc,loh,1.519031300969244
2056,rec_prod_cost_loh,rec,phev_nmc,loh,1.519031300969244
2057,rec_prod_cost_lce,rec,bev_lfp,lce,1.446696477113566
2057,rec_prod_cost_lce,rec,phev_lfp,lce,1.446696477113566
2057,rec_prod_cost_loh,rec,bev_nmc,loh,1.446696477113566
2057,rec_prod_cost_loh,rec,phev_nmc,loh,1.446696477113566
2058,rec_prod_cost_lce,rec,bev_lfp,lce,1.3778061686795864
2058,rec_prod_cost_lce,rec,phev_lfp,lce,1.3778061686795864
2058,rec_prod_cost_loh,rec,bev_nmc,loh,1.3778061686795864
2058,rec_prod_cost_loh,rec,phev_nmc,loh,1.3778061686795864
2059,rec_prod_cost_lce,rec,bev_lfp,lce,1.3121963511234158
2059,rec_prod_cost_lce,rec,phev_lfp,lce,1.3121963511234158
2059,rec_prod_cost_loh,rec,bev_nmc,loh,1.3121963511234158
2059,rec_prod_cost_loh,rec,phev_nmc,loh,1.3121963511234158
2060,rec_prod_cost_lce,rec,bev_lfp,lce,1.2497108105937291
2060,rec_prod_cost_lce,rec,phev_lfp,lce,1.2497108105937291
2060,rec_prod_cost_loh,rec,bev_nmc,loh,1.2497108105937291
2060,rec_prod_cost_loh,rec,phev_nmc,loh,1.2497108105937291
2061,rec_prod_cost_lce,rec,bev_lfp,lce,1.190200771994028
2061,rec_prod_cost_lce,rec,phev_lfp,lce,1.190200771994028
2061,rec_prod_cost_loh,rec,bev_nmc,loh,1.190200771994028
2061,rec_prod_cost_loh,rec,phev_nmc,loh,1.190200771994028
2062,rec_prod_cost_lce,rec,bev_lfp,lce,1.1335245447562168
2062,rec_prod_cost_lce,rec,phev_lfp,lce,1.1335245447562168
2062,rec_prod_cost_loh,rec,bev_nmc,loh,1.1335245447562168
2062,rec_prod_cost_loh,rec,phev_nmc,loh,1.1335245447562168
2063,rec_prod_cost_lce,rec,bev_lfp,lce,1.0795471854821115
2063,rec_prod_cost_lce,rec,phev_lfp,lce,1.0795471854821115
2063,rec_prod_cost_loh,rec,bev_nmc,loh,1.0795471854821115
2063,rec_prod_cost_loh,rec,phev_nmc,loh,1.0795471854821115
2064,rec_prod_cost_lce,rec,bev_lfp,lce,1.0281401766496299
2064,rec_prod_cost_lce,rec,phev_lfp,lce,1.0281401766496299
2064,rec_prod_cost_loh,rec,bev_nmc,loh,1.0281401766496299
2064,rec_prod_cost_loh,rec,phev_nmc,loh,1.0281401766496299
2065,rec_prod_cost_lce,rec,bev_lfp,lce,0.9791811206186951
2065,rec_prod_cost_lce,rec,phev_lfp,lce,0.9791811206186951
2065,rec_prod_cost_loh,rec,bev_nmc,loh,0.9791811206186951
2065,rec_prod_cost_loh,rec,phev_nmc,loh,0.9791811206186951
2066,rec_prod_cost_lce,rec,bev_lfp,lce,0.932553448208281
2066,rec_prod_cost_lce,rec,phev_lfp,lce,0.932553448208281
2066,rec_prod_cost_loh,rec,bev_nmc,loh,0.932553448208281
2066,rec_prod_cost_loh,rec,phev_nmc,loh,0.932553448208281
2067,rec_prod_cost_lce,rec,bev_lfp,lce,0.8881461411507439
2067,rec_prod_cost_lce,rec,phev_lfp,lce,0.8881461411507439
2067,rec_prod_cost_loh,rec,bev_nmc,loh,0.8881461411507439
2067,rec_prod_cost_loh,rec,phev_nmc,loh,0.8881461411507439
2068,rec_prod_cost_lce,rec,bev_lfp,lce,0.845853467762613
2068,rec_prod_cost_lce,rec,phev_lfp,lce,0.845853467762613
2068,rec_prod_cost_loh,rec,bev_nmc,loh,0.845853467762613
2068,rec_prod_cost_loh,rec,phev_nmc,loh,0.845853467762613
2069,rec_prod_cost_lce,rec,bev_lfp,lce,0.8055747312024888
2069,rec_prod_cost_lce,rec,phev_lfp,lce,0.8055747312024888
2069,rec_prod_cost_loh,rec,bev_nmc,loh,0.8055747312024888
2069,rec_prod_cost_loh,rec,phev_nmc,loh,0.8055747312024888
2070,rec_prod_cost_lce,rec,bev_lfp,lce,0.7672140297166558
2070,rec_prod_cost_lce,rec,phev_lfp,lce,0.7672140297166558
2070,rec_prod_cost_loh,rec,bev_nmc,loh,0.7672140297166558
2070,rec_prod_cost_loh,rec,phev_nmc,loh,0.7672140297166558
2071,rec_prod_cost_lce,rec,bev_lfp,lce,0.730680028301577
2071,rec_prod_cost_lce,rec,phev_lfp,lce,0.730680028301577
2071,rec_prod_cost_loh,rec,bev_nmc,loh,0.730680028301577
2071,rec_prod_cost_loh,rec,phev_nmc,loh,0.730680028301577
2072,rec_prod_cost_lce,rec,bev_lfp,lce,0.6958857412395971
2072,rec_prod_cost_lce,rec,phev_lfp,lce,0.6958857412395971
2072,rec_prod_cost_loh,rec,bev_nmc,loh,0.6958857412395971
2072,rec_prod_cost_loh,rec,phev_nmc,loh,0.6958857412395971
2073,rec_prod_cost_lce,rec,bev_lfp,lce,0.6627483249900925
2073,rec_prod_cost_lce,rec,phev_lfp,lce,0.6627483249900925
2073,rec_prod_cost_loh,rec,bev_nmc,loh,0.6627483249900925
2073,rec_prod_cost_loh,rec,phev_nmc,loh,0.6627483249900925
2074,rec_prod_cost_lce,rec,bev_lfp,lce,0.6311888809429452
2074,rec_prod_cost_lce,rec,phev_lfp,lce,0.6311888809429452
2074,rec_prod_cost_loh,rec,bev_nmc,loh,0.6311888809429452
2074,rec_prod_cost_loh,rec,phev_nmc,loh,0.6311888809429452
2075,rec_prod_cost_lce,rec,bev_lfp,lce,0.6011322675647097
2075,rec_prod_cost_lce,rec,phev_lfp,lce,0.6011322675647097
2075,rec_prod_cost_loh,rec,bev_nmc,loh,0.6011322675647097
2075,rec_prod_cost_loh,rec,phev_nmc,loh,0.6011322675647097
2076,rec_prod_cost_lce,rec,bev_lfp,lce,0.5725069214901998
2076,rec_prod_cost_lce,rec,phev_lfp,lce,0.5725069214901998
2076,rec_prod_cost_loh,rec,bev_nmc,loh,0.5725069214901998
2076,rec_prod_cost_loh,rec,phev_nmc,loh,0.5725069214901998
2077,rec_prod_cost_lce,rec,bev_lfp,lce,0.5452446871335236
2077,rec_prod_cost_lce,rec,phev_lfp,lce,0.5452446871335236
2077,rec_prod_cost_loh,rec,bev_nmc,loh,0.5452446871335236
2077,rec_prod_cost_loh,rec,phev_nmc,loh,0.5452446871335236
2078,rec_prod_cost_lce,rec,bev_lfp,lce,0.5192806544128795
2078,rec_prod_cost_lce,rec,phev_lfp,lce,0.5192806544128795
2078,rec_prod_cost_loh,rec,bev_nmc,loh,0.5192806544128795
2078,rec_prod_cost_loh,rec,phev_nmc,loh,0.5192806544128795
2079,rec_prod_cost_lce,rec,bev_lfp,lce,0.4945530042027425
2079,rec_prod_cost_lce,rec,phev_lfp,lce,0.4945530042027425
2079,rec_prod_cost_loh,rec,bev_nmc,loh,0.4945530042027425
2079,rec_prod_cost_loh,rec,phev_nmc,loh,0.4945530042027425
2080,rec_prod_cost_lce,rec,bev_lfp,lce,0.47100286114546897
2080,rec_prod_cost_lce,rec,phev_lfp,lce,0.47100286114546897
2080,rec_prod_cost_loh,rec,bev_nmc,loh,0.47100286114546897
2080,rec_prod_cost_loh,rec,phev_nmc,loh,0.47100286114546897
2081,rec_prod_cost_lce,rec,bev_lfp,lce,0.4485741534718752
2081,rec_prod_cost_lce,rec,phev_lfp,lce,0.4485741534718752
2081,rec_prod_cost_loh,rec,bev_nmc,loh,0.4485741534718752
2081,rec_prod_cost_loh,rec,phev_nmc,loh,0.4485741534718752
2082,rec_prod_cost_lce,rec,bev_lfp,lce,0.427213479497024
2082,rec_prod_cost_lce,rec,phev_lfp,lce,0.427213479497024
2082,rec_prod_cost_loh,rec,bev_nmc,loh,0.427213479497024
2082,rec_prod_cost_loh,rec,phev_nmc,loh,0.427213479497024
2083,rec_prod_cost_lce,rec,bev_lfp,lce,0.40686998047335626
2083,rec_prod_cost_lce,rec,phev_lfp,lce,0.40686998047335626
2083,rec_prod_cost_loh,rec,bev_nmc,loh,0.40686998047335626
2083,rec_prod_cost_loh,rec,phev_nmc,loh,0.40686998047335626
2084,rec_prod_cost_lce,rec,bev_lfp,lce,0.3874952194984344
2084,rec_prod_cost_lce,rec,phev_lfp,lce,0.3874952194984344
2084,rec_prod_cost_loh,rec,bev_nmc,loh,0.3874952194984344
2084,rec_prod_cost_loh,rec,phev_nmc,loh,0.3874952194984344
2085,rec_prod_cost_lce,rec,bev_lfp,lce,0.3690430661889853
2085,rec_prod_cost_lce,rec,phev_lfp,lce,0.3690430661889853
2085,rec_prod_cost_loh,rec,bev_nmc,loh,0.3690430661889853
2085,rec_prod_cost_loh,rec,phev_nmc,loh,0.3690430661889853
2086,rec_prod_cost_lce,rec,bev_lfp,lce,0.3514695868466525
2086,rec_prod_cost_lce,rec,phev_lfp,lce,0.3514695868466525
2086,rec_prod_cost_loh,rec,bev_nmc,loh,0.3514695868466525
2086,rec_prod_cost_loh,rec,phev_nmc,loh,0.3514695868466525
2087,rec_prod_cost_lce,rec,bev_lfp,lce,0.3347329398539548
2087,rec_prod_cost_lce,rec,phev_lfp,lce,0.3347329398539548
2087,rec_prod_cost_loh,rec,bev_nmc,loh,0.3347329398539548
2087,rec_prod_cost_loh,rec,phev_nmc,loh,0.3347329398539548
2088,rec_prod_cost_lce,rec,bev_lfp,lce,0.3187932760513855
2088,rec_prod_cost_lce,rec,phev_lfp,lce,0.3187932760513855
2088,rec_prod_cost_loh,rec,bev_nmc,loh,0.3187932760513855
2088,rec_prod_cost_loh,rec,phev_nmc,loh,0.3187932760513855
2089,rec_prod_cost_lce,rec,bev_lfp,lce,0.30361264385846237
2089,rec_prod_cost_lce,rec,phev_lfp,lce,0.30361264385846237
2089,rec_prod_cost_loh,rec,bev_nmc,loh,0.30361264385846237
2089,rec_prod_cost_loh,rec,phev_nmc,loh,0.30361264385846237
2090,rec_prod_cost_lce,rec,bev_lfp,lce,0.2891548989128213
2090,rec_prod_cost_lce,rec,phev_lfp,lce,0.2891548989128213
2090,rec_prod_cost_loh,rec,bev_nmc,loh,0.2891548989128213
2090,rec_prod_cost_loh,rec,phev_nmc,loh,0.2891548989128213
2091,rec_prod_cost_lce,rec,bev_lfp,lce,0.2753856180122108
2091,rec_prod_cost_lce,rec,phev_lfp,lce,0.2753856180122108
2091,rec_prod_cost_loh,rec,bev_nmc,loh,0.2753856180122108
2091,rec_prod_cost_loh,rec,phev_nmc,loh,0.2753856180122108
2092,rec_prod_cost_lce,rec,bev_lfp,lce,0.26227201715448645
2092,rec_prod_cost_lce,rec,phev_lfp,lce,0.26227201715448645
2092,rec_prod_cost_loh,rec,bev_nmc,loh,0.26227201715448645
2092,rec_prod_cost_loh,rec,phev_nmc,loh,0.26227201715448645
2093,rec_prod_cost_lce,rec,bev_lfp,lce,0.24978287348046332
2093,rec_prod_cost_lce,rec,phev_lfp,lce,0.24978287348046332
2093,rec_prod_cost_loh,rec,bev_nmc,loh,0.24978287348046332
2093,rec_prod_cost_loh,rec,phev_nmc,loh,0.24978287348046332
2094,rec_prod_cost_lce,rec,bev_lfp,lce,0.23788845093377456
2094,rec_prod_cost_lce,rec,phev_lfp,lce,0.23788845093377456
2094,rec_prod_cost_loh,rec,bev_nmc,loh,0.23788845093377456
2094,rec_prod_cost_loh,rec,phev_nmc,loh,0.23788845093377456
2095,rec_prod_cost_lce,rec,bev_lfp,lce,0.22656042946073768
2095,rec_prod_cost_lce,rec,phev_lfp,lce,0.22656042946073768
2095,rec_prod_cost_loh,rec,bev_nmc,loh,0.22656042946073768
2095,rec_prod_cost_loh,rec,phev_nmc,loh,0.22656042946073768
2096,rec_prod_cost_lce,rec,bev_lfp,lce,0.21577183758165494
2096,rec_prod_cost_lce,rec,phev_lfp,lce,0.21577183758165494
2096,rec_prod_cost_loh,rec,bev_nmc,loh,0.21577183758165494
2096,rec_prod_cost_loh,rec,phev_nmc,loh,0.21577183758165494
2097,rec_prod_cost_lce,rec,bev_lfp,lce,0.2054969881730047
2097,rec_prod_cost_lce,rec,phev_lfp,lce,0.2054969881730047
2097,rec_prod_cost_loh,rec,bev_nmc,loh,0.2054969881730047
2097,rec_prod_cost_loh,rec,phev_nmc,loh,0.2054969881730047
2098,rec_prod_cost_lce,rec,bev_lfp,lce,0.1957114173076235
2098,rec_prod_cost_lce,rec,phev_lfp,lce,0.1957114173076235
2098,rec_prod_cost_loh,rec,bev_nmc,loh,0.1957114173076235
2098,rec_prod_cost_loh,rec,phev_nmc,loh,0.1957114173076235
2099,rec_prod_cost_lce,rec,bev_lfp,lce,0.1863918260072605
2099,rec_prod_cost_lce,rec,phev_lfp,lce,0.1863918260072605
2099,rec_prod_cost_loh,rec,bev_nmc,loh,0.1863918260072605
2099,rec_prod_cost_loh,rec,phev_nmc,loh,0.1863918260072605
2100,rec_prod_cost_lce,rec,bev_lfp,lce,0.1775160247688195
2100,rec_prod_cost_lce,rec,phev_lfp,lce,0.1775160247688195
2100,rec_prod_cost_loh,rec,bev_nmc,loh,0.1775160247688195
2100,rec_prod_cost_loh,rec,phev_nmc,loh,0.1775160247688195
2020,NA,rec,bev_nmc,lce,9999
2020,NA,rec,phev_nmc,lce,9999
2020,NA,rec,bev_lfp,loh,9999
2020,NA,rec,phev_lfp,loh,9999
2021,NA,rec,bev_nmc,lce,9999
2021,NA,rec,phev_nmc,lce,9999
2021,NA,rec,bev_lfp,loh,9999
2021,NA,rec,phev_lfp,loh,9999
2022,NA,rec,bev_nmc,lce,9999
2022,NA,rec,phev_nmc,lce,9999
2022,NA,rec,bev_lfp,loh,9999
2022,NA,rec,phev_lfp,loh,9999
2023,NA,rec,bev_nmc,lce,9999
2023,NA,rec,phev_nmc,lce,9999
2023,NA,rec,bev_lfp,loh,9999
2023,NA,rec,phev_lfp,loh,9999
2024,NA,rec,bev_nmc,lce,9999
2024,NA,rec,phev_nmc,lce,9999
2024,NA,rec,bev_lfp,loh,9999
2024,NA,rec,phev_lfp,loh,9999
2025,NA,rec,bev_nmc,lce,9999
2025,NA,rec,phev_nmc,lce,9999
2025,NA,rec,bev_lfp,loh,9999
2025,NA,rec,phev_lfp,loh,9999
2026,NA,rec,bev_nmc,lce,9999
2026,NA,rec,phev_nmc,lce,9999
2026,NA,rec,bev_lfp,loh,9999
2026,NA,rec,phev_lfp,loh,9999
2027,NA,rec,bev_nmc,lce,9999
2027,NA,rec,phev_nmc,lce,9999
2027,NA,rec,bev_lfp,loh,9999
2027,NA,rec,phev_lfp,loh,9999
2028,NA,rec,bev_nmc,lce,9999
2028,NA,rec,phev_nmc,lce,9999
2028,NA,rec,bev_lfp,loh,9999
2028,NA,rec,phev_lfp,loh,9999
2029,NA,rec,bev_nmc,lce,9999
2029,NA,rec,phev_nmc,lce,9999
2029,NA,rec,bev_lfp,loh,9999
2029,NA,rec,phev_lfp,loh,9999
2030,NA,rec,bev_nmc,lce,9999
2030,NA,rec,phev_nmc,lce,9999
2030,NA,rec,bev_lfp,loh,9999
2030,NA,rec,phev_lfp,loh,9999
2031,NA,rec,bev_nmc,lce,9999
2031,NA,rec,phev_nmc,lce,9999
2031,NA,rec,bev_lfp,loh,9999
2031,NA,rec,phev_lfp,loh,9999
2032,NA,rec,bev_nmc,lce,9999
2032,NA,rec,phev_nmc,lce,9999
2032,NA,rec,bev_lfp,loh,9999
2032,NA,rec,phev_lfp,loh,9999
2033,NA,rec,bev_nmc,lce,9999
2033,NA,rec,phev_nmc,lce,9999
2033,NA,rec,bev_lfp,loh,9999
2033,NA,rec,phev_lfp,loh,9999
2034,NA,rec,bev_nmc,lce,9999
2034,NA,rec,phev_nmc,lce,9999
2034,NA,rec,bev_lfp,loh,9999
2034,NA,rec,phev_lfp,loh,9999
2035,NA,rec,bev_nmc,lce,9999
2035,NA,rec,phev_nmc,lce,9999
2035,NA,rec,bev_lfp,loh,9999
2035,NA,rec,phev_lfp,loh,9999
2036,NA,rec,bev_nmc,lce,9999
2036,NA,rec,phev_nmc,lce,9999
2036,NA,rec,bev_lfp,loh,9999
2036,NA,rec,phev_lfp,loh,9999
2037,NA,rec,bev_nmc,lce,9999
2037,NA,rec,phev_nmc,lce,9999
2037,NA,rec,bev_lfp,loh,9999
2037,NA,rec,phev_lfp,loh,9999
2038,NA,rec,bev_nmc,lce,9999
2038,NA,rec,phev_nmc,lce,9999
2038,NA,rec,bev_lfp,loh,9999
2038,NA,rec,phev_lfp,loh,9999
2039,NA,rec,bev_nmc,lce,9999
2039,NA,rec,phev_nmc,lce,9999
2039,NA,rec,bev_lfp,loh,9999
2039,NA,rec,phev_lfp,loh,9999
2040,NA,rec,bev_nmc,lce,9999
2040,NA,rec,phev_nmc,lce,9999
2040,NA,rec,bev_lfp,loh,9999
2040,NA,rec,phev_lfp,loh,9999
2041,NA,rec,bev_nmc,lce,9999
2041,NA,rec,phev_nmc,lce,9999
2041,NA,rec,bev_lfp,loh,9999
2041,NA,rec,phev_lfp,loh,9999
2042,NA,rec,bev_nmc,lce,9999
2042,NA,rec,phev_nmc,lce,9999
2042,NA,rec,bev_lfp,loh,9999
2042,NA,rec,phev_lfp,loh,9999
2043,NA,rec,bev_nmc,lce,9999
2043,NA,rec,phev_nmc,lce,9999
2043,NA,rec,bev_lfp,loh,9999
2043,NA,rec,phev_lfp,loh,9999
2044,NA,rec,bev_nmc,lce,9999
2044,NA,rec,phev_nmc,lce,9999
2044,NA,rec,bev_lfp,loh,9999
2044,NA,rec,phev_lfp,loh,9999
2045,NA,rec,bev_nmc,lce,9999
2045,NA,rec,phev_nmc,lce,9999
2045,NA,rec,bev_lfp,loh,9999
2045,NA,rec,phev_lfp,loh,9999
2046,NA,rec,bev_nmc,lce,9999
2046,NA,rec,phev_nmc,lce,9999
2046,NA,rec,bev_lfp,loh,9999
2046,NA,rec,phev_lfp,loh,9999
2047,NA,rec,bev_nmc,lce,9999
2047,NA,rec,phev_nmc,lce,9999
2047,NA,rec,bev_lfp,loh,9999
2047,NA,rec,phev_lfp,loh,9999
2048,NA,rec,bev_nmc,lce,9999
2048,NA,rec,phev_nmc,lce,9999
2048,NA,rec,bev_lfp,loh,9999
2048,NA,rec,phev_lfp,loh,9999
2049,NA,rec,bev_nmc,lce,9999
2049,NA,rec,phev_nmc,lce,9999
2049,NA,rec,bev_lfp,loh,9999
2049,NA,rec,phev_lfp,loh,9999
2050,NA,rec,bev_nmc,lce,9999
2050,NA,rec,phev_nmc,lce,9999
2050,NA,rec,bev_lfp,loh,9999
2050,NA,rec,phev_lfp,loh,9999
2051,NA,rec,bev_nmc,lce,9999
2051,NA,rec,phev_nmc,lce,9999
2051,NA,rec,bev_lfp,loh,9999
2051,NA,rec,phev_lfp,loh,9999
2052,NA,rec,bev_nmc,lce,9999
2052,NA,rec,phev_nmc,lce,9999
2052,NA,rec,bev_lfp,loh,9999
2052,NA,rec,phev_lfp,loh,9999
2053,NA,rec,bev_nmc,lce,9999
2053,NA,rec,phev_nmc,lce,9999
2053,NA,rec,bev_lfp,loh,9999
2053,NA,rec,phev_lfp,loh,9999
2054,NA,rec,bev_nmc,lce,9999
2054,NA,rec,phev_nmc,lce,9999
2054,NA,rec,bev_lfp,loh,9999
2054,NA,rec,phev_lfp,loh,9999
2055,NA,rec,bev_nmc,lce,9999
2055,NA,rec,phev_nmc,lce,9999
2055,NA,rec,bev_lfp,loh,9999
2055,NA,rec,phev_lfp,loh,9999
2056,NA,rec,bev_nmc,lce,9999
2056,NA,rec,phev_nmc,lce,9999
2056,NA,rec,bev_lfp,loh,9999
2056,NA,rec,phev_lfp,loh,9999
2057,NA,rec,bev_nmc,lce,9999
2057,NA,rec,phev_nmc,lce,9999
2057,NA,rec,bev_lfp,loh,9999
2057,NA,rec,phev_lfp,loh,9999
2058,NA,rec,bev_nmc,lce,9999
2058,NA,rec,phev_nmc,lce,9999
2058,NA,rec,bev_lfp,loh,9999
2058,NA,rec,phev_lfp,loh,9999
2059,NA,rec,bev_nmc,lce,9999
2059,NA,rec,phev_nmc,lce,9999
2059,NA,rec,bev_lfp,loh,9999
2059,NA,rec,phev_lfp,loh,9999
2060,NA,rec,bev_nmc,lce,9999
2060,NA,rec,phev_nmc,lce,9999
2060,NA,rec,bev_lfp,loh,9999
2060,NA,rec,phev_lfp,loh,9999
2061,NA,rec,bev_nmc,lce,9999
2061,NA,rec,phev_nmc,lce,9999
2061,NA,rec,bev_lfp,loh,9999
2061,NA,rec,phev_lfp,loh,9999
2062,NA,rec,bev_nmc,lce,9999
2062,NA,rec,phev_nmc,lce,9999
2062,NA,rec,bev_lfp,loh,9999
2062,NA,rec,phev_lfp,loh,9999
2063,NA,rec,bev_nmc,lce,9999
2063,NA,rec,phev_nmc,lce,9999
2063,NA,rec,bev_lfp,loh,9999
2063,NA,rec,phev_lfp,loh,9999
2064,NA,rec,bev_nmc,lce,9999
2064,NA,rec,phev_nmc,lce,9999
2064,NA,rec,bev_lfp,loh,9999
2064,NA,rec,phev_lfp,loh,9999
2065,NA,rec,bev_nmc,lce,9999
2065,NA,rec,phev_nmc,lce,9999
2065,NA,rec,bev_lfp,loh,9999
2065,NA,rec,phev_lfp,loh,9999
2066,NA,rec,bev_nmc,lce,9999
2066,NA,rec,phev_nmc,lce,9999
2066,NA,rec,bev_lfp,loh,9999
2066,NA,rec,phev_lfp,loh,9999
2067,NA,rec,bev_nmc,lce,9999
2067,NA,rec,phev_nmc,lce,9999
2067,NA,rec,bev_lfp,loh,9999
2067,NA,rec,phev_lfp,loh,9999
2068,NA,rec,bev_nmc,lce,9999
2068,NA,rec,phev_nmc,lce,9999
2068,NA,rec,bev_lfp,loh,9999
2068,NA,rec,phev_lfp,loh,9999
2069,NA,rec,bev_nmc,lce,9999
2069,NA,rec,phev_nmc,lce,9999
2069,NA,rec,bev_lfp,loh,9999
2069,NA,rec,phev_lfp,loh,9999
2070,NA,rec,bev_nmc,lce,9999
2070,NA,rec,phev_nmc,lce,9999
2070,NA,rec,bev_lfp,loh,9999
2070,NA,rec,phev_lfp,loh,9999
2071,NA,rec,bev_nmc,lce,9999
2071,NA,rec,phev_nmc,lce,9999
2071,NA,rec,bev_lfp,loh,9999
2071,NA,rec,phev_lfp,loh,9999
2072,NA,rec,bev_nmc,lce,9999
2072,NA,rec,phev_nmc,lce,9999
2072,NA,rec,bev_lfp,loh,9999
2072,NA,rec,phev_lfp,loh,9999
2073,NA,rec,bev_nmc,lce,9999
2073,NA,rec,phev_nmc,lce,9999
2073,NA,rec,bev_lfp,loh,9999
2073,NA,rec,phev_lfp,loh,9999
2074,NA,rec,bev_nmc,lce,9999
2074,NA,rec,phev_nmc,lce,9999
2074,NA,rec,bev_lfp,loh,9999
2074,NA,rec,phev_lfp,loh,9999
2075,NA,rec,bev_nmc,lce,9999
2075,NA,rec,phev_nmc,lce,9999
2075,NA,rec,bev_lfp,loh,9999
2075,NA,rec,phev_lfp,loh,9999
2076,NA,rec,bev_nmc,lce,9999
2076,NA,rec,phev_nmc,lce,9999
2076,NA,rec,bev_lfp,loh,9999
2076,NA,rec,phev_lfp,loh,9999
2077,NA,rec,bev_nmc,lce,9999
2077,NA,rec,phev_nmc,lce,9999
2077,NA,rec,bev_lfp,loh,9999
2077,NA,rec,phev_lfp,loh,9999
2078,NA,rec,bev_nmc,lce,9999
2078,NA,rec,phev_nmc,lce,9999
2078,NA,rec,bev_lfp,loh,9999
2078,NA,rec,phev_lfp,loh,9999
2079,NA,rec,bev_nmc,lce,9999
2079,NA,rec,phev_nmc,lce,9999
2079,NA,rec,bev_lfp,loh,9999
2079,NA,rec,phev_lfp,loh,9999
2080,NA,rec,bev_nmc,lce,9999
2080,NA,rec,phev_nmc,lce,9999
2080,NA,rec,bev_lfp,loh,9999
2080,NA,rec,phev_lfp,loh,9999
2081,NA,rec,bev_nmc,lce,9999
2081,NA,rec,phev_nmc,lce,9999
2081,NA,rec,bev_lfp,loh,9999
2081,NA,rec,phev_lfp,loh,9999
2082,NA,rec,bev_nmc,lce,9999
2082,NA,rec,phev_nmc,lce,9999
2082,NA,rec,bev_lfp,loh,9999
2082,NA,rec,phev_lfp,loh,9999
2083,NA,rec,bev_nmc,lce,9999
2083,NA,rec,phev_nmc,lce,9999
2083,NA,rec,bev_lfp,loh,9999
2083,NA,rec,phev_lfp,loh,9999
2084,NA,rec,bev_nmc,lce,9999
2084,NA,rec,phev_nmc,lce,9999
2084,NA,rec,bev_lfp,loh,9999
2084,NA,rec,phev_lfp,loh,9999
2085,NA,rec,bev_nmc,lce,9999
2085,NA,rec,phev_nmc,lce,9999
2085,NA,rec,bev_lfp,loh,9999
2085,NA,rec,phev_lfp,loh,9999
2086,NA,rec,bev_nmc,lce,9999
2086,NA,rec,phev_nmc,lce,9999
2086,NA,rec,bev_lfp,loh,9999
2086,NA,rec,phev_lfp,loh,9999
2087,NA,rec,bev_nmc,lce,9999
2087,NA,rec,phev_nmc,lce,9999
2087,NA,rec,bev_lfp,loh,9999
2087,NA,rec,phev_lfp,loh,9999
2088,NA,rec,bev_nmc,lce,9999
2088,NA,rec,phev_nmc,lce,9999
2088,NA,rec,bev_lfp,loh,9999
2088,NA,rec,phev_lfp,loh,9999
2089,NA,rec,bev_nmc,lce,9999
2089,NA,rec,phev_nmc,lce,9999
2089,NA,rec,bev_lfp,loh,9999
2089,NA,rec,phev_lfp,loh,9999
2090,NA,rec,bev_nmc,lce,9999
2090,NA,rec,phev_nmc,lce,9999
2090,NA,rec,bev_lfp,loh,9999
2090,NA,rec,phev_lfp,loh,9999
2091,NA,rec,bev_nmc,lce,9999
2091,NA,rec,phev_nmc,lce,9999
2091,NA,rec,bev_lfp,loh,9999
2091,NA,rec,phev_lfp,loh,9999
2092,NA,rec,bev_nmc,lce,9999
2092,NA,rec,phev_nmc,lce,9999
2092,NA,rec,bev_lfp,loh,9999
2092,NA,rec,phev_lfp,loh,9999
2093,NA,rec,bev_nmc,lce,9999
2093,NA,rec,phev_nmc,lce,9999
2093,NA,rec,bev_lfp,loh,9999
2093,NA,rec,phev_lfp,loh,9999
2094,NA,rec,bev_nmc,lce,9999
2094,NA,rec,phev_nmc,lce,9999
2094,NA,rec,bev_lfp,loh,9999
2094,NA,rec,phev_lfp,loh,9999
2095,NA,rec,bev_nmc,lce,9999
2095,NA,rec,phev_nmc,lce,9999
2095,NA,rec,bev_lfp,loh,9999
2095,NA,rec,phev_lfp,loh,9999
2096,NA,rec,bev_nmc,lce,9999
2096,NA,rec,phev_nmc,lce,9999
2096,NA,rec,bev_lfp,loh,9999
2096,NA,rec,phev_lfp,loh,9999
2097,NA,rec,bev_nmc,lce,9999
2097,NA,rec,phev_nmc,lce,9999
2097,NA,rec,bev_lfp,loh,9999
2097,NA,rec,phev_lfp,loh,9999
2098,NA,rec,bev_nmc,lce,9999
2098,NA,rec,phev_nmc,lce,9999
2098,NA,rec,bev_lfp,loh,9999
2098,NA,rec,phev_lfp,loh,9999
2099,NA,rec,bev_nmc,lce,9999
2099,NA,rec,phev_nmc,lce,9999
2099,NA,rec,bev_lfp,loh,9999
2099,NA,rec,phev_lfp,loh,9999
2100,NA,rec,bev_nmc,lce,9999
2100,NA,rec,phev_nmc,lce,9999
2100,NA,rec,bev_lfp,loh,9999
2100,NA,rec,phev_lfp,loh,9999
